2025-04-15 20:02:59:    ▲ Next.js 14.0.3
2025-04-15 20:02:59:    - Local:        http://localhost:55000
2025-04-15 20:02:59:    - Network:      http://0.0.0.0:55000
2025-04-15 20:02:59: 
2025-04-15 20:02:59:  ✓ Ready in 116ms
2025-04-15 20:03:34: API status check started
2025-04-15 20:03:34: Making request to http://localhost:56002/status
2025-04-15 20:03:34: API status check attempt 1/3 to http://localhost:56002/status
2025-04-15 20:03:34: API status check successful: {
2025-04-15 20:03:34:   status: 'online',
2025-04-15 20:03:34:   timestamp: '2025-04-15T23:03:34.248Z',
2025-04-15 20:03:34:   environment: 'production',
2025-04-15 20:03:34:   apiKeyConfigured: true,
2025-04-15 20:03:34:   version: '1.0.0'
2025-04-15 20:03:34: }
2025-04-15 20:03:43: API status check started
2025-04-15 20:03:43: Making request to http://localhost:56002/status
2025-04-15 20:03:43: API status check attempt 1/3 to http://localhost:56002/status
2025-04-15 20:03:43: API status check successful: {
2025-04-15 20:03:43:   status: 'online',
2025-04-15 20:03:43:   timestamp: '2025-04-15T23:03:43.896Z',
2025-04-15 20:03:43:   environment: 'production',
2025-04-15 20:03:43:   apiKeyConfigured: true,
2025-04-15 20:03:43:   version: '1.0.0'
2025-04-15 20:03:43: }
2025-04-15 20:07:55: API status check started
2025-04-15 20:07:55: Making request to http://localhost:56002/status
2025-04-15 20:07:55: API status check attempt 1/3 to http://localhost:56002/status
2025-04-15 20:07:55: API status check successful: {
2025-04-15 20:07:55:   status: 'online',
2025-04-15 20:07:55:   timestamp: '2025-04-15T23:07:55.564Z',
2025-04-15 20:07:55:   environment: 'production',
2025-04-15 20:07:55:   apiKeyConfigured: true,
2025-04-15 20:07:55:   version: '1.0.0'
2025-04-15 20:07:55: }
2025-04-15 20:09:54:    ▲ Next.js 14.0.3
2025-04-15 20:09:54:    - Local:        http://localhost:55000
2025-04-15 20:09:54:    - Network:      http://0.0.0.0:55000
2025-04-15 20:09:54: 
2025-04-15 20:09:54:  ✓ Ready in 79ms
2025-04-15 20:10:10:    ▲ Next.js 14.0.3
2025-04-15 20:10:10:    - Local:        http://localhost:55000
2025-04-15 20:10:10:    - Network:      http://0.0.0.0:55000
2025-04-15 20:10:10: 
2025-04-15 20:10:10:  ✓ Ready in 73ms
2025-04-15 20:12:40:    ▲ Next.js 14.0.3
2025-04-15 20:12:40:    - Local:        http://localhost:55000
2025-04-15 20:12:40:    - Network:      http://0.0.0.0:55000
2025-04-15 20:12:40: 
2025-04-15 20:12:40:  ✓ Ready in 58ms
2025-04-15 20:18:53:    ▲ Next.js 14.0.3
2025-04-15 20:18:53:    - Local:        http://localhost:55000
2025-04-15 20:18:53:    - Network:      http://0.0.0.0:55000
2025-04-15 20:18:53: 
2025-04-15 20:18:53:  ✓ Ready in 74ms
2025-04-15 20:19:11: API status check started
2025-04-15 20:19:11: Making request to http://localhost:55002/status
2025-04-15 20:24:23:    ▲ Next.js 14.0.3
2025-04-15 20:24:23:    - Local:        http://localhost:55000
2025-04-15 20:24:23:    - Network:      http://0.0.0.0:55000
2025-04-15 20:24:23: 
2025-04-15 20:24:23:  ✓ Ready in 75ms
2025-04-15 20:25:36:    ▲ Next.js 14.0.3
2025-04-15 20:25:36:    - Local:        http://localhost:55000
2025-04-15 20:25:36:    - Network:      http://0.0.0.0:55000
2025-04-15 20:25:36: 
2025-04-15 20:25:36:  ✓ Ready in 65ms
2025-04-15 20:26:39: Proxying extract-pdf request to http://localhost:55002/extract-pdf
2025-04-15 20:26:39: Proxy attempt 1/3
2025-04-15 20:26:40: Proxy attempt 2/3
2025-04-15 20:26:41: Proxy attempt 3/3
2025-04-15 20:33:25:    ▲ Next.js 14.0.3
2025-04-15 20:33:25:    - Local:        http://localhost:55000
2025-04-15 20:33:25:    - Network:      http://0.0.0.0:55000
2025-04-15 20:33:25: 
2025-04-15 20:33:25:  ✓ Ready in 58ms
2025-04-15 20:34:16: Proxying extract-pdf request to http://localhost:56002/extract-pdf { configuredUrl: 'http://localhost:55002' }
2025-04-15 20:34:16: Processing file: 5166.pdf, type: application/pdf, size: 279121 bytes
2025-04-15 20:34:16: OCR processing enabled
2025-04-15 20:34:16: Proxy attempt 1/3 to http://localhost:56002/extract-pdf
2025-04-15 20:34:50: Proxy attempt 2/3 to http://localhost:56002/extract-pdf
2025-04-15 20:35:26: Proxy attempt 3/3 to http://localhost:56002/extract-pdf
2025-04-15 20:35:40: Proxying status request to http://localhost:56002/status { configuredUrl: 'http://localhost:55002' }
2025-04-15 20:35:40: Proxy attempt 1/3 to http://localhost:56002/status
2025-04-15 20:35:40: Status check successful: {
2025-04-15 20:35:40:   status: 'online',
2025-04-15 20:35:40:   timestamp: '2025-04-15T23:35:40.218Z',
2025-04-15 20:35:40:   environment: 'production',
2025-04-15 20:35:40:   apiKeyConfigured: true,
2025-04-15 20:35:40:   version: '1.0.0'
2025-04-15 20:35:40: }
2025-04-15 20:40:53:    ▲ Next.js 14.0.3
2025-04-15 20:40:53:    - Local:        http://localhost:55000
2025-04-15 20:40:53:    - Network:      http://0.0.0.0:55000
2025-04-15 20:40:53: 
2025-04-15 20:40:53:  ✓ Ready in 70ms
2025-04-15 20:44:18:    ▲ Next.js 14.0.3
2025-04-15 20:44:18:    - Local:        http://localhost:55000
2025-04-15 20:44:18:    - Network:      http://0.0.0.0:55000
2025-04-15 20:44:18: 
2025-04-15 20:44:18:  ✓ Ready in 67ms
2025-04-15 20:44:23:    ▲ Next.js 14.0.3
2025-04-15 20:44:23:    - Local:        http://localhost:55000
2025-04-15 20:44:23:    - Network:      http://0.0.0.0:55000
2025-04-15 20:44:23: 
2025-04-15 20:44:23:  ✓ Ready in 60ms
2025-04-15 20:44:33:    ▲ Next.js 14.0.3
2025-04-15 20:44:33:    - Local:        http://localhost:55000
2025-04-15 20:44:33:    - Network:      http://0.0.0.0:55000
2025-04-15 20:44:33: 
2025-04-15 20:44:34:  ✓ Ready in 76ms
2025-04-15 20:44:34:    ▲ Next.js 14.0.3
2025-04-15 20:44:34:    - Local:        http://localhost:55000
2025-04-15 20:44:34:    - Network:      http://0.0.0.0:55000
2025-04-15 20:44:34: 
2025-04-15 20:44:34:  ✓ Ready in 70ms
2025-04-15 20:44:35:    ▲ Next.js 14.0.3
2025-04-15 20:44:35:    - Local:        http://localhost:55000
2025-04-15 20:44:35:    - Network:      http://0.0.0.0:55000
2025-04-15 20:44:35: 
2025-04-15 20:44:35:  ✓ Ready in 64ms
2025-04-15 20:44:35:    ▲ Next.js 14.0.3
2025-04-15 20:44:35:    - Local:        http://localhost:55000
2025-04-15 20:44:35:    - Network:      http://0.0.0.0:55000
2025-04-15 20:44:35: 
2025-04-15 20:44:35:  ✓ Ready in 57ms
2025-04-15 20:44:36:    ▲ Next.js 14.0.3
2025-04-15 20:44:36:    - Local:        http://localhost:55000
2025-04-15 20:44:36:    - Network:      http://0.0.0.0:55000
2025-04-15 20:44:36: 
2025-04-15 20:44:36:  ✓ Ready in 68ms
2025-04-15 20:45:26:    ▲ Next.js 14.0.3
2025-04-15 20:45:26:    - Local:        http://localhost:55000
2025-04-15 20:45:26:    - Network:      http://0.0.0.0:55000
2025-04-15 20:45:26: 
2025-04-15 20:45:26:  ✓ Ready in 68ms
2025-04-15 21:07:11:    ▲ Next.js 14.0.3
2025-04-15 21:07:11:    - Local:        http://localhost:55000
2025-04-15 21:07:11:    - Network:      http://0.0.0.0:55000
2025-04-15 21:07:11: 
2025-04-15 21:07:12:  ✓ Ready in 91ms
2025-04-15 21:12:08:    ▲ Next.js 14.0.3
2025-04-15 21:12:08:    - Local:        http://localhost:55000
2025-04-15 21:12:08:    - Network:      http://0.0.0.0:55000
2025-04-15 21:12:08: 
2025-04-15 21:12:08:  ✓ Ready in 56ms
2025-04-15 21:15:58: Proxying status request to http://localhost:56002/status { configuredUrl: 'http://localhost:55002' }
2025-04-15 21:15:58: Proxy attempt 1/3 to http://localhost:56002/status
2025-04-15 21:15:58: Status check successful: {
2025-04-15 21:15:58:   status: 'online',
2025-04-15 21:15:58:   timestamp: '2025-04-16T00:15:58.802Z',
2025-04-15 21:15:58:   environment: 'production',
2025-04-15 21:15:58:   apiKeyConfigured: true,
2025-04-15 21:15:58:   version: '1.0.0'
2025-04-15 21:15:58: }
2025-04-15 21:26:35:    ▲ Next.js 14.0.3
2025-04-15 21:26:35:    - Local:        http://localhost:55000
2025-04-15 21:26:35:    - Network:      http://0.0.0.0:55000
2025-04-15 21:26:35: 
2025-04-15 21:26:35:  ✓ Ready in 63ms
2025-04-15 21:35:47:    ▲ Next.js 14.0.3
2025-04-15 21:35:47:    - Local:        http://localhost:55000
2025-04-15 21:35:47:    - Network:      http://0.0.0.0:55000
2025-04-15 21:35:47: 
2025-04-15 21:35:47:  ✓ Ready in 70ms
2025-04-15 21:35:50: Proxying status request to http://localhost:56002/status { configuredUrl: 'http://localhost:55002' }
2025-04-15 21:35:50: Proxy attempt 1/3 to http://localhost:56002/status
2025-04-15 21:35:50: Status check successful: {
2025-04-15 21:35:50:   status: 'online',
2025-04-15 21:35:50:   timestamp: '2025-04-16T00:35:50.651Z',
2025-04-15 21:35:50:   environment: 'production',
2025-04-15 21:35:50:   apiKeyConfigured: true,
2025-04-15 21:35:50:   version: '1.0.0'
2025-04-15 21:35:50: }
2025-04-15 21:35:50: Proxying status request to http://localhost:56002/status { configuredUrl: 'http://localhost:55002' }
2025-04-15 21:35:50: Proxy attempt 1/3 to http://localhost:56002/status
2025-04-15 21:35:50: Status check successful: {
2025-04-15 21:35:50:   status: 'online',
2025-04-15 21:35:50:   timestamp: '2025-04-16T00:35:50.759Z',
2025-04-15 21:35:50:   environment: 'production',
2025-04-15 21:35:50:   apiKeyConfigured: true,
2025-04-15 21:35:50:   version: '1.0.0'
2025-04-15 21:35:50: }
2025-04-15 21:35:55: Proxying status request to http://localhost:56002/status { configuredUrl: 'http://localhost:55002' }
2025-04-15 21:35:55: Proxy attempt 1/3 to http://localhost:56002/status
2025-04-15 21:35:55: Status check successful: {
2025-04-15 21:35:55:   status: 'online',
2025-04-15 21:35:55:   timestamp: '2025-04-16T00:35:55.768Z',
2025-04-15 21:35:55:   environment: 'production',
2025-04-15 21:35:55:   apiKeyConfigured: true,
2025-04-15 21:35:55:   version: '1.0.0'
2025-04-15 21:35:55: }
2025-04-15 21:35:55: Proxying status request to http://localhost:56002/status { configuredUrl: 'http://localhost:55002' }
2025-04-15 21:35:55: Proxy attempt 1/3 to http://localhost:56002/status
2025-04-15 21:35:55: Status check successful: {
2025-04-15 21:35:55:   status: 'online',
2025-04-15 21:35:55:   timestamp: '2025-04-16T00:35:55.822Z',
2025-04-15 21:35:55:   environment: 'production',
2025-04-15 21:35:55:   apiKeyConfigured: true,
2025-04-15 21:35:55:   version: '1.0.0'
2025-04-15 21:35:55: }
2025-04-15 21:36:00: Proxying status request to http://localhost:56002/status { configuredUrl: 'http://localhost:55002' }
2025-04-15 21:36:00: Proxy attempt 1/3 to http://localhost:56002/status
2025-04-15 21:36:00: Status check successful: {
2025-04-15 21:36:00:   status: 'online',
2025-04-15 21:36:00:   timestamp: '2025-04-16T00:36:00.886Z',
2025-04-15 21:36:00:   environment: 'production',
2025-04-15 21:36:00:   apiKeyConfigured: true,
2025-04-15 21:36:00:   version: '1.0.0'
2025-04-15 21:36:00: }
2025-04-15 21:36:00: Proxying status request to http://localhost:56002/status { configuredUrl: 'http://localhost:55002' }
2025-04-15 21:36:00: Proxy attempt 1/3 to http://localhost:56002/status
2025-04-15 21:36:00: Status check successful: {
2025-04-15 21:36:00:   status: 'online',
2025-04-15 21:36:00:   timestamp: '2025-04-16T00:36:00.927Z',
2025-04-15 21:36:00:   environment: 'production',
2025-04-15 21:36:00:   apiKeyConfigured: true,
2025-04-15 21:36:00:   version: '1.0.0'
2025-04-15 21:36:00: }
2025-04-15 21:36:06: Proxying status request to http://localhost:56002/status { configuredUrl: 'http://localhost:55002' }
2025-04-15 21:36:06: Proxy attempt 1/3 to http://localhost:56002/status
2025-04-15 21:36:06: Status check successful: {
2025-04-15 21:36:06:   status: 'online',
2025-04-15 21:36:06:   timestamp: '2025-04-16T00:36:06.897Z',
2025-04-15 21:36:06:   environment: 'production',
2025-04-15 21:36:06:   apiKeyConfigured: true,
2025-04-15 21:36:06:   version: '1.0.0'
2025-04-15 21:36:06: }
2025-04-15 21:36:06: Proxying status request to http://localhost:56002/status { configuredUrl: 'http://localhost:55002' }
2025-04-15 21:36:06: Proxy attempt 1/3 to http://localhost:56002/status
2025-04-15 21:36:06: Status check successful: {
2025-04-15 21:36:06:   status: 'online',
2025-04-15 21:36:06:   timestamp: '2025-04-16T00:36:06.940Z',
2025-04-15 21:36:06:   environment: 'production',
2025-04-15 21:36:06:   apiKeyConfigured: true,
2025-04-15 21:36:06:   version: '1.0.0'
2025-04-15 21:36:06: }
2025-04-15 21:42:56: Proxying status request to http://localhost:56002/status { configuredUrl: 'http://localhost:55002' }
2025-04-15 21:42:56: Proxy attempt 1/3 to http://localhost:56002/status
2025-04-15 21:42:56: Status check successful: {
2025-04-15 21:42:56:   status: 'online',
2025-04-15 21:42:56:   timestamp: '2025-04-16T00:42:56.532Z',
2025-04-15 21:42:56:   environment: 'production',
2025-04-15 21:42:56:   apiKeyConfigured: true,
2025-04-15 21:42:56:   version: '1.0.0'
2025-04-15 21:42:56: }
2025-04-15 21:42:56: Proxying status request to http://localhost:56002/status { configuredUrl: 'http://localhost:55002' }
2025-04-15 21:42:56: Proxy attempt 1/3 to http://localhost:56002/status
2025-04-15 21:42:56: Status check successful: {
2025-04-15 21:42:56:   status: 'online',
2025-04-15 21:42:56:   timestamp: '2025-04-16T00:42:56.579Z',
2025-04-15 21:42:56:   environment: 'production',
2025-04-15 21:42:56:   apiKeyConfigured: true,
2025-04-15 21:42:56:   version: '1.0.0'
2025-04-15 21:42:56: }
2025-04-15 21:43:01: Proxying status request to http://localhost:56002/status { configuredUrl: 'http://localhost:55002' }
2025-04-15 21:43:01: Proxy attempt 1/3 to http://localhost:56002/status
2025-04-15 21:43:01: Status check successful: {
2025-04-15 21:43:01:   status: 'online',
2025-04-15 21:43:01:   timestamp: '2025-04-16T00:43:01.656Z',
2025-04-15 21:43:01:   environment: 'production',
2025-04-15 21:43:01:   apiKeyConfigured: true,
2025-04-15 21:43:01:   version: '1.0.0'
2025-04-15 21:43:01: }
2025-04-15 21:43:01: Proxying status request to http://localhost:56002/status { configuredUrl: 'http://localhost:55002' }
2025-04-15 21:43:01: Proxy attempt 1/3 to http://localhost:56002/status
2025-04-15 21:43:01: Status check successful: {
2025-04-15 21:43:01:   status: 'online',
2025-04-15 21:43:01:   timestamp: '2025-04-16T00:43:01.700Z',
2025-04-15 21:43:01:   environment: 'production',
2025-04-15 21:43:01:   apiKeyConfigured: true,
2025-04-15 21:43:01:   version: '1.0.0'
2025-04-15 21:43:01: }
2025-04-15 21:43:03: Proxying status request to http://localhost:56002/status { configuredUrl: 'http://localhost:55002' }
2025-04-15 21:43:03: Proxy attempt 1/3 to http://localhost:56002/status
2025-04-15 21:43:03: Status check successful: {
2025-04-15 21:43:03:   status: 'online',
2025-04-15 21:43:03:   timestamp: '2025-04-16T00:43:03.161Z',
2025-04-15 21:43:03:   environment: 'production',
2025-04-15 21:43:03:   apiKeyConfigured: true,
2025-04-15 21:43:03:   version: '1.0.0'
2025-04-15 21:43:03: }
2025-04-15 21:43:03: Proxying status request to http://localhost:56002/status { configuredUrl: 'http://localhost:55002' }
2025-04-15 21:43:03: Proxy attempt 1/3 to http://localhost:56002/status
2025-04-15 21:43:03: Status check successful: {
2025-04-15 21:43:03:   status: 'online',
2025-04-15 21:43:03:   timestamp: '2025-04-16T00:43:03.205Z',
2025-04-15 21:43:03:   environment: 'production',
2025-04-15 21:43:03:   apiKeyConfigured: true,
2025-04-15 21:43:03:   version: '1.0.0'
2025-04-15 21:43:03: }
2025-04-15 21:43:08: Proxying status request to http://localhost:56002/status { configuredUrl: 'http://localhost:55002' }
2025-04-15 21:43:08: Proxy attempt 1/3 to http://localhost:56002/status
2025-04-15 21:43:08: Status check successful: {
2025-04-15 21:43:08:   status: 'online',
2025-04-15 21:43:08:   timestamp: '2025-04-16T00:43:08.346Z',
2025-04-15 21:43:08:   environment: 'production',
2025-04-15 21:43:08:   apiKeyConfigured: true,
2025-04-15 21:43:08:   version: '1.0.0'
2025-04-15 21:43:08: }
2025-04-15 21:43:08: Proxying status request to http://localhost:56002/status { configuredUrl: 'http://localhost:55002' }
2025-04-15 21:43:08: Proxy attempt 1/3 to http://localhost:56002/status
2025-04-15 21:43:08: Status check successful: {
2025-04-15 21:43:08:   status: 'online',
2025-04-15 21:43:08:   timestamp: '2025-04-16T00:43:08.383Z',
2025-04-15 21:43:08:   environment: 'production',
2025-04-15 21:43:08:   apiKeyConfigured: true,
2025-04-15 21:43:08:   version: '1.0.0'
2025-04-15 21:43:08: }
2025-04-15 21:43:13: Proxying status request to http://localhost:56002/status { configuredUrl: 'http://localhost:55002' }
2025-04-15 21:43:13: Proxy attempt 1/3 to http://localhost:56002/status
2025-04-15 21:43:13: Status check successful: {
2025-04-15 21:43:13:   status: 'online',
2025-04-15 21:43:13:   timestamp: '2025-04-16T00:43:13.942Z',
2025-04-15 21:43:13:   environment: 'production',
2025-04-15 21:43:13:   apiKeyConfigured: true,
2025-04-15 21:43:13:   version: '1.0.0'
2025-04-15 21:43:13: }
2025-04-15 21:43:14: Proxying status request to http://localhost:56002/status { configuredUrl: 'http://localhost:55002' }
2025-04-15 21:43:14: Proxy attempt 1/3 to http://localhost:56002/status
2025-04-15 21:43:14: Status check successful: {
2025-04-15 21:43:14:   status: 'online',
2025-04-15 21:43:14:   timestamp: '2025-04-16T00:43:14.267Z',
2025-04-15 21:43:14:   environment: 'production',
2025-04-15 21:43:14:   apiKeyConfigured: true,
2025-04-15 21:43:14:   version: '1.0.0'
2025-04-15 21:43:14: }
2025-04-15 21:43:18: Proxying status request to http://localhost:56002/status { configuredUrl: 'http://localhost:55002' }
2025-04-15 21:43:18: Proxy attempt 1/3 to http://localhost:56002/status
2025-04-15 21:43:18: Status check successful: {
2025-04-15 21:43:18:   status: 'online',
2025-04-15 21:43:18:   timestamp: '2025-04-16T00:43:18.902Z',
2025-04-15 21:43:18:   environment: 'production',
2025-04-15 21:43:18:   apiKeyConfigured: true,
2025-04-15 21:43:18:   version: '1.0.0'
2025-04-15 21:43:18: }
2025-04-15 21:43:18: Proxying status request to http://localhost:56002/status { configuredUrl: 'http://localhost:55002' }
2025-04-15 21:43:18: Proxy attempt 1/3 to http://localhost:56002/status
2025-04-15 21:43:18: Status check successful: {
2025-04-15 21:43:18:   status: 'online',
2025-04-15 21:43:18:   timestamp: '2025-04-16T00:43:18.946Z',
2025-04-15 21:43:18:   environment: 'production',
2025-04-15 21:43:18:   apiKeyConfigured: true,
2025-04-15 21:43:18:   version: '1.0.0'
2025-04-15 21:43:18: }
2025-04-15 21:44:34: Proxying status request to http://localhost:56002/status { configuredUrl: 'http://localhost:55002' }
2025-04-15 21:44:34: Proxy attempt 1/3 to http://localhost:56002/status
2025-04-15 21:44:34: Status check successful: {
2025-04-15 21:44:34:   status: 'online',
2025-04-15 21:44:34:   timestamp: '2025-04-16T00:44:34.268Z',
2025-04-15 21:44:34:   environment: 'production',
2025-04-15 21:44:34:   apiKeyConfigured: true,
2025-04-15 21:44:34:   version: '1.0.0'
2025-04-15 21:44:34: }
2025-04-15 21:44:34: Proxying status request to http://localhost:56002/status { configuredUrl: 'http://localhost:55002' }
2025-04-15 21:44:34: Proxy attempt 1/3 to http://localhost:56002/status
2025-04-15 21:44:34: Status check successful: {
2025-04-15 21:44:34:   status: 'online',
2025-04-15 21:44:34:   timestamp: '2025-04-16T00:44:34.321Z',
2025-04-15 21:44:34:   environment: 'production',
2025-04-15 21:44:34:   apiKeyConfigured: true,
2025-04-15 21:44:34:   version: '1.0.0'
2025-04-15 21:44:34: }
2025-04-15 21:44:39: Proxying status request to http://localhost:56002/status { configuredUrl: 'http://localhost:55002' }
2025-04-15 21:44:39: Proxy attempt 1/3 to http://localhost:56002/status
2025-04-15 21:44:39: Status check successful: {
2025-04-15 21:44:39:   status: 'online',
2025-04-15 21:44:39:   timestamp: '2025-04-16T00:44:39.396Z',
2025-04-15 21:44:39:   environment: 'production',
2025-04-15 21:44:39:   apiKeyConfigured: true,
2025-04-15 21:44:39:   version: '1.0.0'
2025-04-15 21:44:39: }
2025-04-15 21:44:39: Proxying status request to http://localhost:56002/status { configuredUrl: 'http://localhost:55002' }
2025-04-15 21:44:39: Proxy attempt 1/3 to http://localhost:56002/status
2025-04-15 21:44:39: Status check successful: {
2025-04-15 21:44:39:   status: 'online',
2025-04-15 21:44:39:   timestamp: '2025-04-16T00:44:39.522Z',
2025-04-15 21:44:39:   environment: 'production',
2025-04-15 21:44:39:   apiKeyConfigured: true,
2025-04-15 21:44:39:   version: '1.0.0'
2025-04-15 21:44:39: }
2025-04-15 21:44:40: Proxying status request to http://localhost:56002/status { configuredUrl: 'http://localhost:55002' }
2025-04-15 21:44:40: Proxy attempt 1/3 to http://localhost:56002/status
2025-04-15 21:44:40: Status check successful: {
2025-04-15 21:44:40:   status: 'online',
2025-04-15 21:44:40:   timestamp: '2025-04-16T00:44:40.368Z',
2025-04-15 21:44:40:   environment: 'production',
2025-04-15 21:44:40:   apiKeyConfigured: true,
2025-04-15 21:44:40:   version: '1.0.0'
2025-04-15 21:44:40: }
2025-04-15 21:44:40: Proxying status request to http://localhost:56002/status { configuredUrl: 'http://localhost:55002' }
2025-04-15 21:44:40: Proxy attempt 1/3 to http://localhost:56002/status
2025-04-15 21:44:40: Status check successful: {
2025-04-15 21:44:40:   status: 'online',
2025-04-15 21:44:40:   timestamp: '2025-04-16T00:44:40.412Z',
2025-04-15 21:44:40:   environment: 'production',
2025-04-15 21:44:40:   apiKeyConfigured: true,
2025-04-15 21:44:40:   version: '1.0.0'
2025-04-15 21:44:40: }
2025-04-15 21:44:45: Proxying status request to http://localhost:56002/status { configuredUrl: 'http://localhost:55002' }
2025-04-15 21:44:45: Proxy attempt 1/3 to http://localhost:56002/status
2025-04-15 21:44:45: Status check successful: {
2025-04-15 21:44:45:   status: 'online',
2025-04-15 21:44:45:   timestamp: '2025-04-16T00:44:45.943Z',
2025-04-15 21:44:45:   environment: 'production',
2025-04-15 21:44:45:   apiKeyConfigured: true,
2025-04-15 21:44:45:   version: '1.0.0'
2025-04-15 21:44:45: }
2025-04-15 21:44:45: Proxying status request to http://localhost:56002/status { configuredUrl: 'http://localhost:55002' }
2025-04-15 21:44:45: Proxy attempt 1/3 to http://localhost:56002/status
2025-04-15 21:44:45: Status check successful: {
2025-04-15 21:44:45:   status: 'online',
2025-04-15 21:44:45:   timestamp: '2025-04-16T00:44:45.982Z',
2025-04-15 21:44:45:   environment: 'production',
2025-04-15 21:44:45:   apiKeyConfigured: true,
2025-04-15 21:44:45:   version: '1.0.0'
2025-04-15 21:44:45: }
2025-04-15 21:44:51: Proxying status request to http://localhost:56002/status { configuredUrl: 'http://localhost:55002' }
2025-04-15 21:44:51: Proxy attempt 1/3 to http://localhost:56002/status
2025-04-15 21:44:51: Status check successful: {
2025-04-15 21:44:51:   status: 'online',
2025-04-15 21:44:51:   timestamp: '2025-04-16T00:44:51.944Z',
2025-04-15 21:44:51:   environment: 'production',
2025-04-15 21:44:51:   apiKeyConfigured: true,
2025-04-15 21:44:51:   version: '1.0.0'
2025-04-15 21:44:51: }
2025-04-15 21:44:51: Proxying status request to http://localhost:56002/status { configuredUrl: 'http://localhost:55002' }
2025-04-15 21:44:51: Proxy attempt 1/3 to http://localhost:56002/status
2025-04-15 21:44:51: Status check successful: {
2025-04-15 21:44:51:   status: 'online',
2025-04-15 21:44:51:   timestamp: '2025-04-16T00:44:51.985Z',
2025-04-15 21:44:51:   environment: 'production',
2025-04-15 21:44:51:   apiKeyConfigured: true,
2025-04-15 21:44:51:   version: '1.0.0'
2025-04-15 21:44:51: }
2025-04-15 21:44:57: Proxying status request to http://localhost:56002/status { configuredUrl: 'http://localhost:55002' }
2025-04-15 21:44:57: Proxy attempt 1/3 to http://localhost:56002/status
2025-04-15 21:44:57: Status check successful: {
2025-04-15 21:44:57:   status: 'online',
2025-04-15 21:44:57:   timestamp: '2025-04-16T00:44:57.943Z',
2025-04-15 21:44:57:   environment: 'production',
2025-04-15 21:44:57:   apiKeyConfigured: true,
2025-04-15 21:44:57:   version: '1.0.0'
2025-04-15 21:44:57: }
2025-04-15 21:44:57: Proxying status request to http://localhost:56002/status { configuredUrl: 'http://localhost:55002' }
2025-04-15 21:44:57: Proxy attempt 1/3 to http://localhost:56002/status
2025-04-15 21:44:57: Status check successful: {
2025-04-15 21:44:57:   status: 'online',
2025-04-15 21:44:57:   timestamp: '2025-04-16T00:44:57.981Z',
2025-04-15 21:44:57:   environment: 'production',
2025-04-15 21:44:57:   apiKeyConfigured: true,
2025-04-15 21:44:57:   version: '1.0.0'
2025-04-15 21:44:57: }
2025-04-15 21:45:44:    ▲ Next.js 14.0.3
2025-04-15 21:45:44:    - Local:        http://localhost:55000
2025-04-15 21:45:44:    - Network:      http://0.0.0.0:55000
2025-04-15 21:45:44: 
2025-04-15 21:45:44:  ✓ Ready in 84ms
2025-04-15 21:45:56: Proxying status request to http://localhost:56002/status { configuredUrl: 'http://localhost:55002' }
2025-04-15 21:45:56: Proxy attempt 1/3 to http://localhost:56002/status
2025-04-15 21:45:56: Status check successful: {
2025-04-15 21:45:56:   status: 'online',
2025-04-15 21:45:56:   timestamp: '2025-04-16T00:45:56.694Z',
2025-04-15 21:45:56:   environment: 'production',
2025-04-15 21:45:56:   apiKeyConfigured: true,
2025-04-15 21:45:56:   version: '1.0.0'
2025-04-15 21:45:56: }
2025-04-15 21:45:56: Proxying status request to http://localhost:56002/status { configuredUrl: 'http://localhost:55002' }
2025-04-15 21:45:56: Proxy attempt 1/3 to http://localhost:56002/status
2025-04-15 21:45:56: Status check successful: {
2025-04-15 21:45:56:   status: 'online',
2025-04-15 21:45:56:   timestamp: '2025-04-16T00:45:56.814Z',
2025-04-15 21:45:56:   environment: 'production',
2025-04-15 21:45:56:   apiKeyConfigured: true,
2025-04-15 21:45:56:   version: '1.0.0'
2025-04-15 21:45:56: }
2025-04-15 21:46:01: Proxying status request to http://localhost:56002/status { configuredUrl: 'http://localhost:55002' }
2025-04-15 21:46:01: Proxy attempt 1/3 to http://localhost:56002/status
2025-04-15 21:46:01: Status check successful: {
2025-04-15 21:46:01:   status: 'online',
2025-04-15 21:46:01:   timestamp: '2025-04-16T00:46:01.883Z',
2025-04-15 21:46:01:   environment: 'production',
2025-04-15 21:46:01:   apiKeyConfigured: true,
2025-04-15 21:46:01:   version: '1.0.0'
2025-04-15 21:46:01: }
2025-04-15 21:46:01: Proxying status request to http://localhost:56002/status { configuredUrl: 'http://localhost:55002' }
2025-04-15 21:46:01: Proxy attempt 1/3 to http://localhost:56002/status
2025-04-15 21:46:01: Status check successful: {
2025-04-15 21:46:01:   status: 'online',
2025-04-15 21:46:01:   timestamp: '2025-04-16T00:46:01.925Z',
2025-04-15 21:46:01:   environment: 'production',
2025-04-15 21:46:01:   apiKeyConfigured: true,
2025-04-15 21:46:01:   version: '1.0.0'
2025-04-15 21:46:01: }
2025-04-15 21:46:06: Proxying status request to http://localhost:56002/status { configuredUrl: 'http://localhost:55002' }
2025-04-15 21:46:06: Proxy attempt 1/3 to http://localhost:56002/status
2025-04-15 21:46:06: Status check successful: {
2025-04-15 21:46:06:   status: 'online',
2025-04-15 21:46:06:   timestamp: '2025-04-16T00:46:06.801Z',
2025-04-15 21:46:06:   environment: 'production',
2025-04-15 21:46:06:   apiKeyConfigured: true,
2025-04-15 21:46:06:   version: '1.0.0'
2025-04-15 21:46:06: }
2025-04-15 21:46:06: Proxying status request to http://localhost:56002/status { configuredUrl: 'http://localhost:55002' }
2025-04-15 21:46:06: Proxy attempt 1/3 to http://localhost:56002/status
2025-04-15 21:46:06: Status check successful: {
2025-04-15 21:46:06:   status: 'online',
2025-04-15 21:46:06:   timestamp: '2025-04-16T00:46:06.845Z',
2025-04-15 21:46:06:   environment: 'production',
2025-04-15 21:46:06:   apiKeyConfigured: true,
2025-04-15 21:46:06:   version: '1.0.0'
2025-04-15 21:46:06: }
2025-04-15 21:46:11: Proxying status request to http://localhost:56002/status { configuredUrl: 'http://localhost:55002' }
2025-04-15 21:46:11: Proxy attempt 1/3 to http://localhost:56002/status
2025-04-15 21:46:11: Status check successful: {
2025-04-15 21:46:11:   status: 'online',
2025-04-15 21:46:11:   timestamp: '2025-04-16T00:46:11.868Z',
2025-04-15 21:46:11:   environment: 'production',
2025-04-15 21:46:11:   apiKeyConfigured: true,
2025-04-15 21:46:11:   version: '1.0.0'
2025-04-15 21:46:11: }
2025-04-15 21:46:11: Proxying status request to http://localhost:56002/status { configuredUrl: 'http://localhost:55002' }
2025-04-15 21:46:11: Proxy attempt 1/3 to http://localhost:56002/status
2025-04-15 21:46:11: Status check successful: {
2025-04-15 21:46:11:   status: 'online',
2025-04-15 21:46:11:   timestamp: '2025-04-16T00:46:11.917Z',
2025-04-15 21:46:11:   environment: 'production',
2025-04-15 21:46:11:   apiKeyConfigured: true,
2025-04-15 21:46:11:   version: '1.0.0'
2025-04-15 21:46:11: }
2025-04-15 21:49:54:    ▲ Next.js 14.0.3
2025-04-15 21:49:54:    - Local:        http://localhost:55000
2025-04-15 21:49:54:    - Network:      http://0.0.0.0:55000
2025-04-15 21:49:54: 
2025-04-15 21:49:54:  ✓ Ready in 218ms
2025-04-15 21:50:02: Proxying status request to http://localhost:56002/status { configuredUrl: 'http://localhost:55002' }
2025-04-15 21:50:02: Proxy attempt 1/3 to http://localhost:56002/status
2025-04-15 21:50:02: Status check successful: {
2025-04-15 21:50:02:   status: 'online',
2025-04-15 21:50:02:   timestamp: '2025-04-16T00:50:02.200Z',
2025-04-15 21:50:02:   environment: 'production',
2025-04-15 21:50:02:   apiKeyConfigured: true,
2025-04-15 21:50:02:   version: '1.0.0'
2025-04-15 21:50:02: }
2025-04-15 21:50:02: Proxying status request to http://localhost:56002/status { configuredUrl: 'http://localhost:55002' }
2025-04-15 21:50:02: Proxy attempt 1/3 to http://localhost:56002/status
2025-04-15 21:50:02: Status check successful: {
2025-04-15 21:50:02:   status: 'online',
2025-04-15 21:50:02:   timestamp: '2025-04-16T00:50:02.287Z',
2025-04-15 21:50:02:   environment: 'production',
2025-04-15 21:50:02:   apiKeyConfigured: true,
2025-04-15 21:50:02:   version: '1.0.0'
2025-04-15 21:50:02: }
2025-04-15 21:51:07: Proxying status request to http://localhost:56002/status { configuredUrl: 'http://localhost:55002' }
2025-04-15 21:51:07: Proxy attempt 1/3 to http://localhost:56002/status
2025-04-15 21:51:07: Status check successful: {
2025-04-15 21:51:07:   status: 'online',
2025-04-15 21:51:07:   timestamp: '2025-04-16T00:51:07.878Z',
2025-04-15 21:51:07:   environment: 'production',
2025-04-15 21:51:07:   apiKeyConfigured: true,
2025-04-15 21:51:07:   version: '1.0.0'
2025-04-15 21:51:07: }
2025-04-15 21:51:08: Proxying status request to http://localhost:56002/status { configuredUrl: 'http://localhost:55002' }
2025-04-15 21:51:08: Proxy attempt 1/3 to http://localhost:56002/status
2025-04-15 21:51:08: Status check successful: {
2025-04-15 21:51:08:   status: 'online',
2025-04-15 21:51:08:   timestamp: '2025-04-16T00:51:08.020Z',
2025-04-15 21:51:08:   environment: 'production',
2025-04-15 21:51:08:   apiKeyConfigured: true,
2025-04-15 21:51:08:   version: '1.0.0'
2025-04-15 21:51:08: }
2025-04-15 21:51:09: Proxying status request to http://localhost:56002/status { configuredUrl: 'http://localhost:55002' }
2025-04-15 21:51:09: Proxy attempt 1/3 to http://localhost:56002/status
2025-04-15 21:51:09: Status check successful: {
2025-04-15 21:51:09:   status: 'online',
2025-04-15 21:51:09:   timestamp: '2025-04-16T00:51:09.684Z',
2025-04-15 21:51:09:   environment: 'production',
2025-04-15 21:51:09:   apiKeyConfigured: true,
2025-04-15 21:51:09:   version: '1.0.0'
2025-04-15 21:51:09: }
2025-04-15 21:51:09: Proxying status request to http://localhost:56002/status { configuredUrl: 'http://localhost:55002' }
2025-04-15 21:51:09: Proxy attempt 1/3 to http://localhost:56002/status
2025-04-15 21:51:09: Status check successful: {
2025-04-15 21:51:09:   status: 'online',
2025-04-15 21:51:09:   timestamp: '2025-04-16T00:51:09.741Z',
2025-04-15 21:51:09:   environment: 'production',
2025-04-15 21:51:09:   apiKeyConfigured: true,
2025-04-15 21:51:09:   version: '1.0.0'
2025-04-15 21:51:09: }
2025-04-15 21:51:12: Proxying status request to http://localhost:56002/status { configuredUrl: 'http://localhost:55002' }
2025-04-15 21:51:12: Proxy attempt 1/3 to http://localhost:56002/status
2025-04-15 21:51:12: Status check successful: {
2025-04-15 21:51:12:   status: 'online',
2025-04-15 21:51:12:   timestamp: '2025-04-16T00:51:12.980Z',
2025-04-15 21:51:12:   environment: 'production',
2025-04-15 21:51:12:   apiKeyConfigured: true,
2025-04-15 21:51:12:   version: '1.0.0'
2025-04-15 21:51:12: }
2025-04-15 21:51:13: Proxying status request to http://localhost:56002/status { configuredUrl: 'http://localhost:55002' }
2025-04-15 21:51:13: Proxy attempt 1/3 to http://localhost:56002/status
2025-04-15 21:51:13: Status check successful: {
2025-04-15 21:51:13:   status: 'online',
2025-04-15 21:51:13:   timestamp: '2025-04-16T00:51:13.112Z',
2025-04-15 21:51:13:   environment: 'production',
2025-04-15 21:51:13:   apiKeyConfigured: true,
2025-04-15 21:51:13:   version: '1.0.0'
2025-04-15 21:51:13: }
2025-04-15 21:51:18: Proxying status request to http://localhost:56002/status { configuredUrl: 'http://localhost:55002' }
2025-04-15 21:51:18: Proxy attempt 1/3 to http://localhost:56002/status
2025-04-15 21:51:18: Status check successful: {
2025-04-15 21:51:18:   status: 'online',
2025-04-15 21:51:18:   timestamp: '2025-04-16T00:51:18.105Z',
2025-04-15 21:51:18:   environment: 'production',
2025-04-15 21:51:18:   apiKeyConfigured: true,
2025-04-15 21:51:18:   version: '1.0.0'
2025-04-15 21:51:18: }
2025-04-15 21:51:18: Proxying status request to http://localhost:56002/status { configuredUrl: 'http://localhost:55002' }
2025-04-15 21:51:18: Proxy attempt 1/3 to http://localhost:56002/status
2025-04-15 21:51:18: Status check successful: {
2025-04-15 21:51:18:   status: 'online',
2025-04-15 21:51:18:   timestamp: '2025-04-16T00:51:18.353Z',
2025-04-15 21:51:18:   environment: 'production',
2025-04-15 21:51:18:   apiKeyConfigured: true,
2025-04-15 21:51:18:   version: '1.0.0'
2025-04-15 21:51:18: }
2025-04-15 21:51:23: Proxying status request to http://localhost:56002/status { configuredUrl: 'http://localhost:55002' }
2025-04-15 21:51:23: Proxy attempt 1/3 to http://localhost:56002/status
2025-04-15 21:51:23: Status check successful: {
2025-04-15 21:51:23:   status: 'online',
2025-04-15 21:51:23:   timestamp: '2025-04-16T00:51:23.073Z',
2025-04-15 21:51:23:   environment: 'production',
2025-04-15 21:51:23:   apiKeyConfigured: true,
2025-04-15 21:51:23:   version: '1.0.0'
2025-04-15 21:51:23: }
2025-04-15 21:51:23: Proxying status request to http://localhost:56002/status { configuredUrl: 'http://localhost:55002' }
2025-04-15 21:51:23: Proxy attempt 1/3 to http://localhost:56002/status
2025-04-15 21:51:23: Status check successful: {
2025-04-15 21:51:23:   status: 'online',
2025-04-15 21:51:23:   timestamp: '2025-04-16T00:51:23.116Z',
2025-04-15 21:51:23:   environment: 'production',
2025-04-15 21:51:23:   apiKeyConfigured: true,
2025-04-15 21:51:23:   version: '1.0.0'
2025-04-15 21:51:23: }
2025-04-15 21:53:47: Proxying status request to http://localhost:56002/status { configuredUrl: 'http://localhost:55002' }
2025-04-15 21:53:47: Proxy attempt 1/3 to http://localhost:56002/status
2025-04-15 21:53:47: Status check successful: {
2025-04-15 21:53:47:   status: 'online',
2025-04-15 21:53:47:   timestamp: '2025-04-16T00:53:47.912Z',
2025-04-15 21:53:47:   environment: 'production',
2025-04-15 21:53:47:   apiKeyConfigured: true,
2025-04-15 21:53:47:   version: '1.0.0'
2025-04-15 21:53:47: }
2025-04-15 21:53:47: Proxying status request to http://localhost:56002/status { configuredUrl: 'http://localhost:55002' }
2025-04-15 21:53:47: Proxy attempt 1/3 to http://localhost:56002/status
2025-04-15 21:53:47: Status check successful: {
2025-04-15 21:53:47:   status: 'online',
2025-04-15 21:53:47:   timestamp: '2025-04-16T00:53:47.957Z',
2025-04-15 21:53:47:   environment: 'production',
2025-04-15 21:53:47:   apiKeyConfigured: true,
2025-04-15 21:53:47:   version: '1.0.0'
2025-04-15 21:53:47: }
2025-04-15 22:00:10:    ▲ Next.js 14.0.3
2025-04-15 22:00:10:    - Local:        http://localhost:55000
2025-04-15 22:00:10:    - Network:      http://0.0.0.0:55000
2025-04-15 22:00:10: 
2025-04-15 22:00:11:  ✓ Ready in 323ms
2025-04-15 22:00:20: Proxying status request to http://localhost:56002/status { configuredUrl: 'http://localhost:55002' }
2025-04-15 22:00:20: Proxy attempt 1/3 to http://localhost:56002/status
2025-04-15 22:00:20: Status check successful: {
2025-04-15 22:00:20:   status: 'online',
2025-04-15 22:00:20:   timestamp: '2025-04-16T01:00:20.986Z',
2025-04-15 22:00:20:   environment: 'production',
2025-04-15 22:00:20:   apiKeyConfigured: true,
2025-04-15 22:00:20:   version: '1.0.0'
2025-04-15 22:00:20: }
2025-04-15 22:00:21: Proxying status request to http://localhost:56002/status { configuredUrl: 'http://localhost:55002' }
2025-04-15 22:00:21: Proxy attempt 1/3 to http://localhost:56002/status
2025-04-15 22:00:21: Status check successful: {
2025-04-15 22:00:21:   status: 'online',
2025-04-15 22:00:21:   timestamp: '2025-04-16T01:00:21.056Z',
2025-04-15 22:00:21:   environment: 'production',
2025-04-15 22:00:21:   apiKeyConfigured: true,
2025-04-15 22:00:21:   version: '1.0.0'
2025-04-15 22:00:21: }
2025-04-15 22:00:28: Proxying status request to http://localhost:56002/status { configuredUrl: 'http://localhost:55002' }
2025-04-15 22:00:28: Proxy attempt 1/3 to http://localhost:56002/status
2025-04-15 22:00:28: Status check successful: {
2025-04-15 22:00:28:   status: 'online',
2025-04-15 22:00:28:   timestamp: '2025-04-16T01:00:28.591Z',
2025-04-15 22:00:28:   environment: 'production',
2025-04-15 22:00:28:   apiKeyConfigured: true,
2025-04-15 22:00:28:   version: '1.0.0'
2025-04-15 22:00:28: }
2025-04-15 22:00:28: Proxying status request to http://localhost:56002/status { configuredUrl: 'http://localhost:55002' }
2025-04-15 22:00:28: Proxy attempt 1/3 to http://localhost:56002/status
2025-04-15 22:00:28: Status check successful: {
2025-04-15 22:00:28:   status: 'online',
2025-04-15 22:00:28:   timestamp: '2025-04-16T01:00:28.657Z',
2025-04-15 22:00:28:   environment: 'production',
2025-04-15 22:00:28:   apiKeyConfigured: true,
2025-04-15 22:00:28:   version: '1.0.0'
2025-04-15 22:00:28: }
2025-04-15 22:00:29: Proxying status request to http://localhost:56002/status { configuredUrl: 'http://localhost:55002' }
2025-04-15 22:00:29: Proxy attempt 1/3 to http://localhost:56002/status
2025-04-15 22:00:29: Status check successful: {
2025-04-15 22:00:29:   status: 'online',
2025-04-15 22:00:29:   timestamp: '2025-04-16T01:00:29.637Z',
2025-04-15 22:00:29:   environment: 'production',
2025-04-15 22:00:29:   apiKeyConfigured: true,
2025-04-15 22:00:29:   version: '1.0.0'
2025-04-15 22:00:29: }
2025-04-15 22:00:29: Proxying status request to http://localhost:56002/status { configuredUrl: 'http://localhost:55002' }
2025-04-15 22:00:29: Proxy attempt 1/3 to http://localhost:56002/status
2025-04-15 22:00:29: Status check successful: {
2025-04-15 22:00:29:   status: 'online',
2025-04-15 22:00:29:   timestamp: '2025-04-16T01:00:29.676Z',
2025-04-15 22:00:29:   environment: 'production',
2025-04-15 22:00:29:   apiKeyConfigured: true,
2025-04-15 22:00:29:   version: '1.0.0'
2025-04-15 22:00:29: }
2025-04-15 22:00:35: Proxying status request to http://localhost:56002/status { configuredUrl: 'http://localhost:55002' }
2025-04-15 22:00:35: Proxy attempt 1/3 to http://localhost:56002/status
2025-04-15 22:00:35: Status check successful: {
2025-04-15 22:00:35:   status: 'online',
2025-04-15 22:00:35:   timestamp: '2025-04-16T01:00:35.316Z',
2025-04-15 22:00:35:   environment: 'production',
2025-04-15 22:00:35:   apiKeyConfigured: true,
2025-04-15 22:00:35:   version: '1.0.0'
2025-04-15 22:00:35: }
2025-04-15 22:00:35: Proxying status request to http://localhost:56002/status { configuredUrl: 'http://localhost:55002' }
2025-04-15 22:00:35: Proxy attempt 1/3 to http://localhost:56002/status
2025-04-15 22:00:35: Status check successful: {
2025-04-15 22:00:35:   status: 'online',
2025-04-15 22:00:35:   timestamp: '2025-04-16T01:00:35.359Z',
2025-04-15 22:00:35:   environment: 'production',
2025-04-15 22:00:35:   apiKeyConfigured: true,
2025-04-15 22:00:35:   version: '1.0.0'
2025-04-15 22:00:35: }
2025-04-15 22:00:45: Proxying status request to http://localhost:56002/status { configuredUrl: 'http://localhost:55002' }
2025-04-15 22:00:45: Proxy attempt 1/3 to http://localhost:56002/status
2025-04-15 22:00:45: Status check successful: {
2025-04-15 22:00:45:   status: 'online',
2025-04-15 22:00:45:   timestamp: '2025-04-16T01:00:45.978Z',
2025-04-15 22:00:45:   environment: 'production',
2025-04-15 22:00:45:   apiKeyConfigured: true,
2025-04-15 22:00:45:   version: '1.0.0'
2025-04-15 22:00:45: }
2025-04-15 22:00:46: Proxying status request to http://localhost:56002/status { configuredUrl: 'http://localhost:55002' }
2025-04-15 22:00:46: Proxy attempt 1/3 to http://localhost:56002/status
2025-04-15 22:00:46: Status check successful: {
2025-04-15 22:00:46:   status: 'online',
2025-04-15 22:00:46:   timestamp: '2025-04-16T01:00:46.046Z',
2025-04-15 22:00:46:   environment: 'production',
2025-04-15 22:00:46:   apiKeyConfigured: true,
2025-04-15 22:00:46:   version: '1.0.0'
2025-04-15 22:00:46: }
2025-04-15 22:04:17:    ▲ Next.js 14.0.3
2025-04-15 22:04:17:    - Local:        http://localhost:55000
2025-04-15 22:04:17:    - Network:      http://0.0.0.0:55000
2025-04-15 22:04:17: 
2025-04-15 22:04:17:  ✓ Ready in 80ms
2025-04-15 22:04:25: Proxying status request to http://localhost:56002/status { configuredUrl: 'http://localhost:55002' }
2025-04-15 22:04:25: Proxy attempt 1/3 to http://localhost:56002/status
2025-04-15 22:04:25: Status check successful: {
2025-04-15 22:04:25:   status: 'online',
2025-04-15 22:04:25:   timestamp: '2025-04-16T01:04:25.651Z',
2025-04-15 22:04:25:   environment: 'production',
2025-04-15 22:04:25:   apiKeyConfigured: true,
2025-04-15 22:04:25:   version: '1.0.0'
2025-04-15 22:04:25: }
2025-04-15 22:04:25: Proxying status request to http://localhost:56002/status { configuredUrl: 'http://localhost:55002' }
2025-04-15 22:04:25: Proxy attempt 1/3 to http://localhost:56002/status
2025-04-15 22:04:25: Status check successful: {
2025-04-15 22:04:25:   status: 'online',
2025-04-15 22:04:25:   timestamp: '2025-04-16T01:04:25.703Z',
2025-04-15 22:04:25:   environment: 'production',
2025-04-15 22:04:25:   apiKeyConfigured: true,
2025-04-15 22:04:25:   version: '1.0.0'
2025-04-15 22:04:25: }
2025-04-15 22:10:25: Proxying status request to http://localhost:56002/status { configuredUrl: 'http://localhost:55002' }
2025-04-15 22:10:25: Proxy attempt 1/3 to http://localhost:56002/status
2025-04-15 22:10:25: Status check successful: {
2025-04-15 22:10:25:   status: 'online',
2025-04-15 22:10:25:   timestamp: '2025-04-16T01:10:25.384Z',
2025-04-15 22:10:25:   environment: 'production',
2025-04-15 22:10:25:   apiKeyConfigured: true,
2025-04-15 22:10:25:   version: '1.0.0'
2025-04-15 22:10:25: }
2025-04-15 22:10:25: Proxying status request to http://localhost:56002/status { configuredUrl: 'http://localhost:55002' }
2025-04-15 22:10:25: Proxy attempt 1/3 to http://localhost:56002/status
2025-04-15 22:10:25: Status check successful: {
2025-04-15 22:10:25:   status: 'online',
2025-04-15 22:10:25:   timestamp: '2025-04-16T01:10:25.437Z',
2025-04-15 22:10:25:   environment: 'production',
2025-04-15 22:10:25:   apiKeyConfigured: true,
2025-04-15 22:10:25:   version: '1.0.0'
2025-04-15 22:10:25: }
2025-04-15 22:16:03: Proxying status request to http://localhost:56002/status { configuredUrl: 'http://localhost:55002' }
2025-04-15 22:16:03: Proxy attempt 1/3 to http://localhost:56002/status
2025-04-15 22:16:03: Status check successful: {
2025-04-15 22:16:03:   status: 'online',
2025-04-15 22:16:03:   timestamp: '2025-04-16T01:16:03.239Z',
2025-04-15 22:16:03:   environment: 'production',
2025-04-15 22:16:03:   apiKeyConfigured: true,
2025-04-15 22:16:03:   version: '1.0.0'
2025-04-15 22:16:03: }
2025-04-15 22:16:03: Proxying status request to http://localhost:56002/status { configuredUrl: 'http://localhost:55002' }
2025-04-15 22:16:03: Proxy attempt 1/3 to http://localhost:56002/status
2025-04-15 22:16:03: Status check successful: {
2025-04-15 22:16:03:   status: 'online',
2025-04-15 22:16:03:   timestamp: '2025-04-16T01:16:03.408Z',
2025-04-15 22:16:03:   environment: 'production',
2025-04-15 22:16:03:   apiKeyConfigured: true,
2025-04-15 22:16:03:   version: '1.0.0'
2025-04-15 22:16:03: }
2025-04-15 22:16:15: Proxying status request to http://localhost:56002/status { configuredUrl: 'http://localhost:55002' }
2025-04-15 22:16:15: Proxy attempt 1/3 to http://localhost:56002/status
2025-04-15 22:16:15: Status check successful: {
2025-04-15 22:16:15:   status: 'online',
2025-04-15 22:16:15:   timestamp: '2025-04-16T01:16:15.176Z',
2025-04-15 22:16:15:   environment: 'production',
2025-04-15 22:16:15:   apiKeyConfigured: true,
2025-04-15 22:16:15:   version: '1.0.0'
2025-04-15 22:16:15: }
2025-04-15 22:16:15: Proxying status request to http://localhost:56002/status { configuredUrl: 'http://localhost:55002' }
2025-04-15 22:16:15: Proxy attempt 1/3 to http://localhost:56002/status
2025-04-15 22:16:15: Status check successful: {
2025-04-15 22:16:15:   status: 'online',
2025-04-15 22:16:15:   timestamp: '2025-04-16T01:16:15.325Z',
2025-04-15 22:16:15:   environment: 'production',
2025-04-15 22:16:15:   apiKeyConfigured: true,
2025-04-15 22:16:15:   version: '1.0.0'
2025-04-15 22:16:15: }
2025-04-15 22:16:19: Proxying status request to http://localhost:56002/status { configuredUrl: 'http://localhost:55002' }
2025-04-15 22:16:19: Proxy attempt 1/3 to http://localhost:56002/status
2025-04-15 22:16:19: Status check successful: {
2025-04-15 22:16:19:   status: 'online',
2025-04-15 22:16:19:   timestamp: '2025-04-16T01:16:19.450Z',
2025-04-15 22:16:19:   environment: 'production',
2025-04-15 22:16:19:   apiKeyConfigured: true,
2025-04-15 22:16:19:   version: '1.0.0'
2025-04-15 22:16:19: }
2025-04-15 22:16:19: Proxying status request to http://localhost:56002/status { configuredUrl: 'http://localhost:55002' }
2025-04-15 22:16:19: Proxy attempt 1/3 to http://localhost:56002/status
2025-04-15 22:16:19: Status check successful: {
2025-04-15 22:16:19:   status: 'online',
2025-04-15 22:16:19:   timestamp: '2025-04-16T01:16:19.490Z',
2025-04-15 22:16:19:   environment: 'production',
2025-04-15 22:16:19:   apiKeyConfigured: true,
2025-04-15 22:16:19:   version: '1.0.0'
2025-04-15 22:16:19: }
2025-04-15 22:24:55: Proxying status request to http://localhost:56002/status { configuredUrl: 'http://localhost:55002' }
2025-04-15 22:24:55: Proxy attempt 1/3 to http://localhost:56002/status
2025-04-15 22:24:55: Status check successful: {
2025-04-15 22:24:55:   status: 'online',
2025-04-15 22:24:55:   timestamp: '2025-04-16T01:24:55.872Z',
2025-04-15 22:24:55:   environment: 'production',
2025-04-15 22:24:55:   apiKeyConfigured: true,
2025-04-15 22:24:55:   version: '1.0.0'
2025-04-15 22:24:55: }
2025-04-15 22:24:55: Proxying status request to http://localhost:56002/status { configuredUrl: 'http://localhost:55002' }
2025-04-15 22:24:55: Proxy attempt 1/3 to http://localhost:56002/status
2025-04-15 22:24:55: Status check successful: {
2025-04-15 22:24:55:   status: 'online',
2025-04-15 22:24:55:   timestamp: '2025-04-16T01:24:55.916Z',
2025-04-15 22:24:55:   environment: 'production',
2025-04-15 22:24:55:   apiKeyConfigured: true,
2025-04-15 22:24:55:   version: '1.0.0'
2025-04-15 22:24:55: }
2025-04-15 22:36:47:    ▲ Next.js 14.0.3
2025-04-15 22:36:47:    - Local:        http://localhost:55000
2025-04-15 22:36:47:    - Network:      http://0.0.0.0:55000
2025-04-15 22:36:47: 
2025-04-15 22:36:48:  ✓ Ready in 145ms
2025-04-15 22:36:58: Proxying status request to http://localhost:56002/status { configuredUrl: 'http://localhost:55002' }
2025-04-15 22:36:58: Proxy attempt 1/3 to http://localhost:56002/status
2025-04-15 22:36:58: Status check successful: {
2025-04-15 22:36:58:   status: 'online',
2025-04-15 22:36:58:   timestamp: '2025-04-16T01:36:58.476Z',
2025-04-15 22:36:58:   environment: 'production',
2025-04-15 22:36:58:   apiKeyConfigured: true,
2025-04-15 22:36:58:   version: '1.0.0'
2025-04-15 22:36:58: }
2025-04-15 22:36:58: Proxying status request to http://localhost:56002/status { configuredUrl: 'http://localhost:55002' }
2025-04-15 22:36:58: Proxy attempt 1/3 to http://localhost:56002/status
2025-04-15 22:36:58: Status check successful: {
2025-04-15 22:36:58:   status: 'online',
2025-04-15 22:36:58:   timestamp: '2025-04-16T01:36:58.654Z',
2025-04-15 22:36:58:   environment: 'production',
2025-04-15 22:36:58:   apiKeyConfigured: true,
2025-04-15 22:36:58:   version: '1.0.0'
2025-04-15 22:36:58: }
2025-04-15 22:53:07:    ▲ Next.js 14.0.3
2025-04-15 22:53:07:    - Local:        http://localhost:55000
2025-04-15 22:53:07:    - Network:      http://0.0.0.0:55000
2025-04-15 22:53:07: 
2025-04-15 22:53:07:  ✓ Ready in 63ms
2025-04-15 22:53:47: Proxying status request to http://localhost:56002/status { configuredUrl: 'http://localhost:55002' }
2025-04-15 22:53:47: Proxy attempt 1/3 to http://localhost:56002/status
2025-04-15 22:53:47: Status check successful: {
2025-04-15 22:53:47:   status: 'online',
2025-04-15 22:53:47:   timestamp: '2025-04-16T01:53:47.652Z',
2025-04-15 22:53:47:   environment: 'production',
2025-04-15 22:53:47:   apiKeyConfigured: true,
2025-04-15 22:53:47:   version: '1.0.0'
2025-04-15 22:53:47: }
2025-04-15 22:53:47: Proxying status request to http://localhost:56002/status { configuredUrl: 'http://localhost:55002' }
2025-04-15 22:53:47: Proxy attempt 1/3 to http://localhost:56002/status
2025-04-15 22:53:47: Status check successful: {
2025-04-15 22:53:47:   status: 'online',
2025-04-15 22:53:47:   timestamp: '2025-04-16T01:53:47.732Z',
2025-04-15 22:53:47:   environment: 'production',
2025-04-15 22:53:47:   apiKeyConfigured: true,
2025-04-15 22:53:47:   version: '1.0.0'
2025-04-15 22:53:47: }
2025-04-15 22:53:50: Proxying status request to http://localhost:56002/status { configuredUrl: 'http://localhost:55002' }
2025-04-15 22:53:50: Proxy attempt 1/3 to http://localhost:56002/status
2025-04-15 22:53:50: Status check successful: {
2025-04-15 22:53:50:   status: 'online',
2025-04-15 22:53:50:   timestamp: '2025-04-16T01:53:50.612Z',
2025-04-15 22:53:50:   environment: 'production',
2025-04-15 22:53:50:   apiKeyConfigured: true,
2025-04-15 22:53:50:   version: '1.0.0'
2025-04-15 22:53:50: }
2025-04-15 22:53:52: Proxying status request to http://localhost:56002/status { configuredUrl: 'http://localhost:55002' }
2025-04-15 22:53:52: Proxy attempt 1/3 to http://localhost:56002/status
2025-04-15 22:53:52: Status check successful: {
2025-04-15 22:53:52:   status: 'online',
2025-04-15 22:53:52:   timestamp: '2025-04-16T01:53:52.332Z',
2025-04-15 22:53:52:   environment: 'production',
2025-04-15 22:53:52:   apiKeyConfigured: true,
2025-04-15 22:53:52:   version: '1.0.0'
2025-04-15 22:53:52: }
2025-04-15 22:53:52: Proxying status request to http://localhost:56002/status { configuredUrl: 'http://localhost:55002' }
2025-04-15 22:53:52: Proxy attempt 1/3 to http://localhost:56002/status
2025-04-15 22:53:52: Status check successful: {
2025-04-15 22:53:52:   status: 'online',
2025-04-15 22:53:52:   timestamp: '2025-04-16T01:53:52.372Z',
2025-04-15 22:53:52:   environment: 'production',
2025-04-15 22:53:52:   apiKeyConfigured: true,
2025-04-15 22:53:52:   version: '1.0.0'
2025-04-15 22:53:52: }
2025-04-15 22:53:56: Proxying status request to http://localhost:56002/status { configuredUrl: 'http://localhost:55002' }
2025-04-15 22:53:56: Proxy attempt 1/3 to http://localhost:56002/status
2025-04-15 22:53:56: Status check successful: {
2025-04-15 22:53:56:   status: 'online',
2025-04-15 22:53:56:   timestamp: '2025-04-16T01:53:56.054Z',
2025-04-15 22:53:56:   environment: 'production',
2025-04-15 22:53:56:   apiKeyConfigured: true,
2025-04-15 22:53:56:   version: '1.0.0'
2025-04-15 22:53:56: }
2025-04-15 22:53:56: Proxying status request to http://localhost:56002/status { configuredUrl: 'http://localhost:55002' }
2025-04-15 22:53:56: Proxy attempt 1/3 to http://localhost:56002/status
2025-04-15 22:53:56: Status check successful: {
2025-04-15 22:53:56:   status: 'online',
2025-04-15 22:53:56:   timestamp: '2025-04-16T01:53:56.097Z',
2025-04-15 22:53:56:   environment: 'production',
2025-04-15 22:53:56:   apiKeyConfigured: true,
2025-04-15 22:53:56:   version: '1.0.0'
2025-04-15 22:53:56: }
2025-04-15 22:53:58: Proxying status request to http://localhost:56002/status { configuredUrl: 'http://localhost:55002' }
2025-04-15 22:53:58: Proxy attempt 1/3 to http://localhost:56002/status
2025-04-15 22:53:58: Status check successful: {
2025-04-15 22:53:58:   status: 'online',
2025-04-15 22:53:58:   timestamp: '2025-04-16T01:53:58.045Z',
2025-04-15 22:53:58:   environment: 'production',
2025-04-15 22:53:58:   apiKeyConfigured: true,
2025-04-15 22:53:58:   version: '1.0.0'
2025-04-15 22:53:58: }
2025-04-15 22:54:16: Proxying extract-pdf request to http://localhost:56002/extract-pdf { configuredUrl: 'http://localhost:55002' }
2025-04-15 22:54:16: Processing file: 6542.pdf, type: application/pdf, size: 653372 bytes
2025-04-15 22:54:16: OCR processing enabled
2025-04-15 22:54:16: Proxy attempt 1/3 to http://localhost:56002/extract-pdf
2025-04-15 22:54:18: Proxy attempt 2/3 to http://localhost:56002/extract-pdf
2025-04-15 22:54:19: Proxy attempt 3/3 to http://localhost:56002/extract-pdf
2025-04-15 23:07:10: Proxying extract-pdf request to http://localhost:56002/extract-pdf { configuredUrl: 'http://localhost:55002' }
2025-04-15 23:07:10: Processing file: 6542.pdf, type: application/pdf, size: 653372 bytes
2025-04-15 23:07:11: OCR processing enabled
2025-04-15 23:07:11: Proxy attempt 1/3 to http://localhost:56002/extract-pdf
2025-04-15 23:07:36: PDF extraction successful
2025-04-15 23:17:56:    ▲ Next.js 14.0.3
2025-04-15 23:17:56:    - Local:        http://localhost:55000
2025-04-15 23:17:56:    - Network:      http://0.0.0.0:55000
2025-04-15 23:17:56: 
2025-04-15 23:17:56:  ✓ Ready in 181ms
2025-04-15 23:23:45: Proxying status request to http://localhost:56002/status { configuredUrl: 'http://localhost:55002' }
2025-04-15 23:23:45: Proxy attempt 1/3 to http://localhost:56002/status
2025-04-15 23:23:45: Status check successful: {
2025-04-15 23:23:45:   status: 'online',
2025-04-15 23:23:45:   timestamp: '2025-04-16T02:23:45.296Z',
2025-04-15 23:23:45:   environment: 'production',
2025-04-15 23:23:45:   apiKeyConfigured: true,
2025-04-15 23:23:45:   version: '1.0.0'
2025-04-15 23:23:45: }
2025-04-15 23:24:00: Proxying extract-pdf request to http://localhost:56002/extract-pdf { configuredUrl: 'http://localhost:55002' }
2025-04-15 23:24:00: Processing file: MATRICULA 5465.pdf, type: application/pdf, size: 1372727 bytes
2025-04-15 23:24:00: OCR processing enabled
2025-04-15 23:24:00: Proxy attempt 1/3 to http://localhost:56002/extract-pdf
2025-04-15 23:24:24: PDF extraction successful
2025-04-15 23:30:45: Proxying status request to http://localhost:56002/status { configuredUrl: 'http://localhost:55002' }
2025-04-15 23:30:45: Proxy attempt 1/3 to http://localhost:56002/status
2025-04-15 23:30:45: Status check successful: {
2025-04-15 23:30:45:   status: 'online',
2025-04-15 23:30:45:   timestamp: '2025-04-16T02:30:45.735Z',
2025-04-15 23:30:45:   environment: 'production',
2025-04-15 23:30:45:   apiKeyConfigured: true,
2025-04-15 23:30:45:   version: '1.0.0'
2025-04-15 23:30:45: }
2025-04-15 23:30:50: Proxying extract-pdf request to http://localhost:56002/extract-pdf { configuredUrl: 'http://localhost:55002' }
2025-04-15 23:30:50: Processing file: MATRICULA 5465.pdf, type: application/pdf, size: 1372727 bytes
2025-04-15 23:30:50: OCR processing enabled
2025-04-15 23:30:50: Proxy attempt 1/3 to http://localhost:56002/extract-pdf
2025-04-15 23:31:17: PDF extraction successful
2025-04-15 23:38:05:    ▲ Next.js 14.0.3
2025-04-15 23:38:05:    - Local:        http://localhost:55000
2025-04-15 23:38:05:    - Network:      http://0.0.0.0:55000
2025-04-15 23:38:05: 
2025-04-15 23:38:05:  ✓ Ready in 146ms
2025-04-15 23:39:35: Proxying status request to http://localhost:56002/status { configuredUrl: 'http://localhost:55002' }
2025-04-15 23:39:35: Proxy attempt 1/3 to http://localhost:56002/status
2025-04-15 23:39:35: Status check successful: {
2025-04-15 23:39:35:   status: 'online',
2025-04-15 23:39:35:   timestamp: '2025-04-16T02:39:35.717Z',
2025-04-15 23:39:35:   environment: 'production',
2025-04-15 23:39:35:   apiKeyConfigured: true,
2025-04-15 23:39:35:   version: '1.0.0'
2025-04-15 23:39:35: }
2025-04-15 23:39:35: Proxying status request to http://localhost:56002/status { configuredUrl: 'http://localhost:55002' }
2025-04-15 23:39:35: Proxy attempt 1/3 to http://localhost:56002/status
2025-04-15 23:39:35: Status check successful: {
2025-04-15 23:39:35:   status: 'online',
2025-04-15 23:39:35:   timestamp: '2025-04-16T02:39:35.784Z',
2025-04-15 23:39:35:   environment: 'production',
2025-04-15 23:39:35:   apiKeyConfigured: true,
2025-04-15 23:39:35:   version: '1.0.0'
2025-04-15 23:39:35: }
2025-04-15 23:39:42: Proxying status request to http://localhost:56002/status { configuredUrl: 'http://localhost:55002' }
2025-04-15 23:39:42: Proxy attempt 1/3 to http://localhost:56002/status
2025-04-15 23:39:42: Status check successful: {
2025-04-15 23:39:42:   status: 'online',
2025-04-15 23:39:42:   timestamp: '2025-04-16T02:39:42.964Z',
2025-04-15 23:39:42:   environment: 'production',
2025-04-15 23:39:42:   apiKeyConfigured: true,
2025-04-15 23:39:42:   version: '1.0.0'
2025-04-15 23:39:42: }
2025-04-15 23:39:43: Proxying status request to http://localhost:56002/status { configuredUrl: 'http://localhost:55002' }
2025-04-15 23:39:43: Proxy attempt 1/3 to http://localhost:56002/status
2025-04-15 23:39:43: Status check successful: {
2025-04-15 23:39:43:   status: 'online',
2025-04-15 23:39:43:   timestamp: '2025-04-16T02:39:43.059Z',
2025-04-15 23:39:43:   environment: 'production',
2025-04-15 23:39:43:   apiKeyConfigured: true,
2025-04-15 23:39:43:   version: '1.0.0'
2025-04-15 23:39:43: }
2025-04-15 23:39:44: Proxying status request to http://localhost:56002/status { configuredUrl: 'http://localhost:55002' }
2025-04-15 23:39:44: Proxy attempt 1/3 to http://localhost:56002/status
2025-04-15 23:39:44: Status check successful: {
2025-04-15 23:39:44:   status: 'online',
2025-04-15 23:39:44:   timestamp: '2025-04-16T02:39:44.624Z',
2025-04-15 23:39:44:   environment: 'production',
2025-04-15 23:39:44:   apiKeyConfigured: true,
2025-04-15 23:39:44:   version: '1.0.0'
2025-04-15 23:39:44: }
2025-04-15 23:39:57: Proxying extract-pdf request to http://localhost:56002/extract-pdf { configuredUrl: 'http://localhost:55002' }
2025-04-15 23:39:57: Processing file: MATRICULA 5465.pdf, type: application/pdf, size: 1372727 bytes
2025-04-15 23:39:57: Proxy attempt 1/3 to http://localhost:56002/extract-pdf
2025-04-15 23:40:21: PDF extraction successful
2025-04-15 23:48:02:    ▲ Next.js 14.0.3
2025-04-15 23:48:02:    - Local:        http://localhost:55000
2025-04-15 23:48:02:    - Network:      http://0.0.0.0:55000
2025-04-15 23:48:02: 
2025-04-15 23:48:02:  ✓ Ready in 98ms
2025-04-15 23:49:46: Proxying status request to http://localhost:56002/status { configuredUrl: 'http://localhost:55002' }
2025-04-15 23:49:46: Proxy attempt 1/3 to http://localhost:56002/status
2025-04-15 23:49:46: Status check successful: {
2025-04-15 23:49:46:   status: 'online',
2025-04-15 23:49:46:   timestamp: '2025-04-16T02:49:46.564Z',
2025-04-15 23:49:46:   environment: 'production',
2025-04-15 23:49:46:   apiKeyConfigured: true,
2025-04-15 23:49:46:   version: '1.0.0'
2025-04-15 23:49:46: }
2025-04-15 23:49:46: Proxying status request to http://localhost:56002/status { configuredUrl: 'http://localhost:55002' }
2025-04-15 23:49:46: Proxy attempt 1/3 to http://localhost:56002/status
2025-04-15 23:49:46: Status check successful: {
2025-04-15 23:49:46:   status: 'online',
2025-04-15 23:49:46:   timestamp: '2025-04-16T02:49:46.648Z',
2025-04-15 23:49:46:   environment: 'production',
2025-04-15 23:49:46:   apiKeyConfigured: true,
2025-04-15 23:49:46:   version: '1.0.0'
2025-04-15 23:49:46: }
2025-04-15 23:49:50: Proxying status request to http://localhost:56002/status { configuredUrl: 'http://localhost:55002' }
2025-04-15 23:49:50: Proxy attempt 1/3 to http://localhost:56002/status
2025-04-15 23:49:50: Status check successful: {
2025-04-15 23:49:50:   status: 'online',
2025-04-15 23:49:50:   timestamp: '2025-04-16T02:49:50.820Z',
2025-04-15 23:49:50:   environment: 'production',
2025-04-15 23:49:50:   apiKeyConfigured: true,
2025-04-15 23:49:50:   version: '1.0.0'
2025-04-15 23:49:50: }
2025-04-15 23:50:02: Proxying extract-pdf request to http://localhost:56002/extract-pdf { configuredUrl: 'http://localhost:55002' }
2025-04-15 23:50:02: Processing file: 6542.pdf, type: application/pdf, size: 653372 bytes
2025-04-15 23:50:02: OCR processing enabled
2025-04-15 23:50:02: Proxy attempt 1/3 to http://localhost:56002/extract-pdf
2025-04-15 23:50:21: PDF extraction successful
2025-04-15 23:52:48: Proxying status request to http://localhost:56002/status { configuredUrl: 'http://localhost:55002' }
2025-04-15 23:52:48: Proxy attempt 1/3 to http://localhost:56002/status
2025-04-15 23:52:48: Status check successful: {
2025-04-15 23:52:48:   status: 'online',
2025-04-15 23:52:48:   timestamp: '2025-04-16T02:52:48.738Z',
2025-04-15 23:52:48:   environment: 'production',
2025-04-15 23:52:48:   apiKeyConfigured: true,
2025-04-15 23:52:48:   version: '1.0.0'
2025-04-15 23:52:48: }
2025-04-15 23:52:56: Proxying extract-pdf request to http://localhost:56002/extract-pdf { configuredUrl: 'http://localhost:55002' }
2025-04-15 23:52:56: Processing file: 5166.pdf, type: application/pdf, size: 279121 bytes
2025-04-15 23:52:56: OCR processing enabled
2025-04-15 23:52:56: Proxy attempt 1/3 to http://localhost:56002/extract-pdf
2025-04-15 23:53:17: PDF extraction successful
2025-04-16 00:00:25:    ▲ Next.js 14.0.3
2025-04-16 00:00:25:    - Local:        http://localhost:55000
2025-04-16 00:00:25:    - Network:      http://0.0.0.0:55000
2025-04-16 00:00:25: 
2025-04-16 00:00:25:  ✓ Ready in 148ms
2025-04-16 00:00:33: Proxying status request to http://localhost:56002/status { configuredUrl: 'http://localhost:55002' }
2025-04-16 00:00:33: Proxy attempt 1/3 to http://localhost:56002/status
2025-04-16 00:00:33: Status check successful: {
2025-04-16 00:00:33:   status: 'online',
2025-04-16 00:00:33:   timestamp: '2025-04-16T03:00:33.153Z',
2025-04-16 00:00:33:   environment: 'production',
2025-04-16 00:00:33:   apiKeyConfigured: true,
2025-04-16 00:00:33:   version: '1.0.0'
2025-04-16 00:00:33: }
2025-04-16 00:00:33: Proxying status request to http://localhost:56002/status { configuredUrl: 'http://localhost:55002' }
2025-04-16 00:00:33: Proxy attempt 1/3 to http://localhost:56002/status
2025-04-16 00:00:33: Status check successful: {
2025-04-16 00:00:33:   status: 'online',
2025-04-16 00:00:33:   timestamp: '2025-04-16T03:00:33.232Z',
2025-04-16 00:00:33:   environment: 'production',
2025-04-16 00:00:33:   apiKeyConfigured: true,
2025-04-16 00:00:33:   version: '1.0.0'
2025-04-16 00:00:33: }
2025-04-16 00:00:40: Proxying status request to http://localhost:56002/status { configuredUrl: 'http://localhost:55002' }
2025-04-16 00:00:40: Proxy attempt 1/3 to http://localhost:56002/status
2025-04-16 00:00:40: Status check successful: {
2025-04-16 00:00:40:   status: 'online',
2025-04-16 00:00:40:   timestamp: '2025-04-16T03:00:40.526Z',
2025-04-16 00:00:40:   environment: 'production',
2025-04-16 00:00:40:   apiKeyConfigured: true,
2025-04-16 00:00:40:   version: '1.0.0'
2025-04-16 00:00:40: }
2025-04-16 00:00:42: Proxying status request to http://localhost:56002/status { configuredUrl: 'http://localhost:55002' }
2025-04-16 00:00:42: Proxy attempt 1/3 to http://localhost:56002/status
2025-04-16 00:00:42: Status check successful: {
2025-04-16 00:00:42:   status: 'online',
2025-04-16 00:00:42:   timestamp: '2025-04-16T03:00:42.582Z',
2025-04-16 00:00:42:   environment: 'production',
2025-04-16 00:00:42:   apiKeyConfigured: true,
2025-04-16 00:00:42:   version: '1.0.0'
2025-04-16 00:00:42: }
2025-04-16 00:00:42: Proxying status request to http://localhost:56002/status { configuredUrl: 'http://localhost:55002' }
2025-04-16 00:00:42: Proxy attempt 1/3 to http://localhost:56002/status
2025-04-16 00:00:42: Status check successful: {
2025-04-16 00:00:42:   status: 'online',
2025-04-16 00:00:42:   timestamp: '2025-04-16T03:00:42.636Z',
2025-04-16 00:00:42:   environment: 'production',
2025-04-16 00:00:42:   apiKeyConfigured: true,
2025-04-16 00:00:42:   version: '1.0.0'
2025-04-16 00:00:42: }
2025-04-16 00:00:46: Proxying status request to http://localhost:56002/status { configuredUrl: 'http://localhost:55002' }
2025-04-16 00:00:46: Proxy attempt 1/3 to http://localhost:56002/status
2025-04-16 00:00:46: Status check successful: {
2025-04-16 00:00:46:   status: 'online',
2025-04-16 00:00:46:   timestamp: '2025-04-16T03:00:46.307Z',
2025-04-16 00:00:46:   environment: 'production',
2025-04-16 00:00:46:   apiKeyConfigured: true,
2025-04-16 00:00:46:   version: '1.0.0'
2025-04-16 00:00:46: }
2025-04-16 00:00:46: Proxying status request to http://localhost:56002/status { configuredUrl: 'http://localhost:55002' }
2025-04-16 00:00:46: Proxy attempt 1/3 to http://localhost:56002/status
2025-04-16 00:00:46: Status check successful: {
2025-04-16 00:00:46:   status: 'online',
2025-04-16 00:00:46:   timestamp: '2025-04-16T03:00:46.359Z',
2025-04-16 00:00:46:   environment: 'production',
2025-04-16 00:00:46:   apiKeyConfigured: true,
2025-04-16 00:00:46:   version: '1.0.0'
2025-04-16 00:00:46: }
2025-04-16 00:00:48: Proxying status request to http://localhost:56002/status { configuredUrl: 'http://localhost:55002' }
2025-04-16 00:00:48: Proxy attempt 1/3 to http://localhost:56002/status
2025-04-16 00:00:48: Status check successful: {
2025-04-16 00:00:48:   status: 'online',
2025-04-16 00:00:48:   timestamp: '2025-04-16T03:00:48.937Z',
2025-04-16 00:00:48:   environment: 'production',
2025-04-16 00:00:48:   apiKeyConfigured: true,
2025-04-16 00:00:48:   version: '1.0.0'
2025-04-16 00:00:48: }
2025-04-16 00:00:56: Proxying extract-pdf request to http://localhost:56002/extract-pdf { configuredUrl: 'http://localhost:55002' }
2025-04-16 00:00:56: Processing file: 6542.pdf, type: application/pdf, size: 653372 bytes
2025-04-16 00:00:56: OCR processing enabled
2025-04-16 00:00:56: Proxy attempt 1/3 to http://localhost:56002/extract-pdf
2025-04-16 00:01:16: PDF extraction successful
2025-04-16 00:05:48:    ▲ Next.js 14.0.3
2025-04-16 00:05:48:    - Local:        http://localhost:55000
2025-04-16 00:05:48:    - Network:      http://0.0.0.0:55000
2025-04-16 00:05:48: 
2025-04-16 00:05:48:  ✓ Ready in 68ms
2025-04-16 00:06:02: Proxying status request to http://localhost:56002/status { configuredUrl: 'http://localhost:55002' }
2025-04-16 00:06:02: Proxy attempt 1/3 to http://localhost:56002/status
2025-04-16 00:06:02: Status check successful: {
2025-04-16 00:06:02:   status: 'online',
2025-04-16 00:06:02:   timestamp: '2025-04-16T03:06:02.539Z',
2025-04-16 00:06:02:   environment: 'production',
2025-04-16 00:06:02:   apiKeyConfigured: true,
2025-04-16 00:06:02:   version: '1.0.0'
2025-04-16 00:06:02: }
2025-04-16 00:06:09: Proxying extract-pdf request to http://localhost:56002/extract-pdf { configuredUrl: 'http://localhost:55002' }
2025-04-16 00:06:09: Processing file: 6542.pdf, type: application/pdf, size: 653372 bytes
2025-04-16 00:06:09: OCR processing enabled
2025-04-16 00:06:09: Proxy attempt 1/3 to http://localhost:56002/extract-pdf
2025-04-16 00:06:29: PDF extraction successful
2025-04-16 00:07:42: Proxying status request to http://localhost:56002/status { configuredUrl: 'http://localhost:55002' }
2025-04-16 00:07:42: Proxy attempt 1/3 to http://localhost:56002/status
2025-04-16 00:07:42: Status check successful: {
2025-04-16 00:07:42:   status: 'online',
2025-04-16 00:07:42:   timestamp: '2025-04-16T03:07:42.303Z',
2025-04-16 00:07:42:   environment: 'production',
2025-04-16 00:07:42:   apiKeyConfigured: true,
2025-04-16 00:07:42:   version: '1.0.0'
2025-04-16 00:07:42: }
2025-04-16 00:07:48: Proxying extract-pdf request to http://localhost:56002/extract-pdf { configuredUrl: 'http://localhost:55002' }
2025-04-16 00:07:48: Processing file: 6542.pdf, type: application/pdf, size: 653372 bytes
2025-04-16 00:07:48: OCR processing enabled
2025-04-16 00:07:48: Proxy attempt 1/3 to http://localhost:56002/extract-pdf
2025-04-16 00:08:11: PDF extraction successful
2025-04-16 00:18:43:    ▲ Next.js 14.0.3
2025-04-16 00:18:43:    - Local:        http://localhost:55000
2025-04-16 00:18:43:    - Network:      http://0.0.0.0:55000
2025-04-16 00:18:43: 
2025-04-16 00:18:43:  ✓ Ready in 232ms
2025-04-16 00:18:55: Proxying status request to http://localhost:56002/status { configuredUrl: 'http://localhost:55002' }
2025-04-16 00:18:55: Proxy attempt 1/3 to http://localhost:56002/status
2025-04-16 00:18:55: Status check successful: {
2025-04-16 00:18:55:   status: 'online',
2025-04-16 00:18:55:   timestamp: '2025-04-16T03:18:55.391Z',
2025-04-16 00:18:55:   environment: 'production',
2025-04-16 00:18:55:   apiKeyConfigured: true,
2025-04-16 00:18:55:   version: '1.0.0'
2025-04-16 00:18:55: }
2025-04-16 00:18:55: Proxying status request to http://localhost:56002/status { configuredUrl: 'http://localhost:55002' }
2025-04-16 00:18:55: Proxy attempt 1/3 to http://localhost:56002/status
2025-04-16 00:18:55: Status check successful: {
2025-04-16 00:18:55:   status: 'online',
2025-04-16 00:18:55:   timestamp: '2025-04-16T03:18:55.454Z',
2025-04-16 00:18:55:   environment: 'production',
2025-04-16 00:18:55:   apiKeyConfigured: true,
2025-04-16 00:18:55:   version: '1.0.0'
2025-04-16 00:18:55: }
2025-04-16 00:18:59: Proxying status request to http://localhost:56002/status { configuredUrl: 'http://localhost:55002' }
2025-04-16 00:18:59: Proxy attempt 1/3 to http://localhost:56002/status
2025-04-16 00:18:59: Status check successful: {
2025-04-16 00:18:59:   status: 'online',
2025-04-16 00:18:59:   timestamp: '2025-04-16T03:18:59.498Z',
2025-04-16 00:18:59:   environment: 'production',
2025-04-16 00:18:59:   apiKeyConfigured: true,
2025-04-16 00:18:59:   version: '1.0.0'
2025-04-16 00:18:59: }
2025-04-16 00:18:59: Proxying status request to http://localhost:56002/status { configuredUrl: 'http://localhost:55002' }
2025-04-16 00:18:59: Proxy attempt 1/3 to http://localhost:56002/status
2025-04-16 00:18:59: Status check successful: {
2025-04-16 00:18:59:   status: 'online',
2025-04-16 00:18:59:   timestamp: '2025-04-16T03:18:59.540Z',
2025-04-16 00:18:59:   environment: 'production',
2025-04-16 00:18:59:   apiKeyConfigured: true,
2025-04-16 00:18:59:   version: '1.0.0'
2025-04-16 00:18:59: }
2025-04-16 00:19:00: Proxying status request to http://localhost:56002/status { configuredUrl: 'http://localhost:55002' }
2025-04-16 00:19:00: Proxy attempt 1/3 to http://localhost:56002/status
2025-04-16 00:19:00: Status check successful: {
2025-04-16 00:19:00:   status: 'online',
2025-04-16 00:19:00:   timestamp: '2025-04-16T03:19:00.704Z',
2025-04-16 00:19:00:   environment: 'production',
2025-04-16 00:19:00:   apiKeyConfigured: true,
2025-04-16 00:19:00:   version: '1.0.0'
2025-04-16 00:19:00: }
2025-04-16 00:19:12: Proxying extract-pdf request to http://localhost:56002/extract-pdf { configuredUrl: 'http://localhost:55002' }
2025-04-16 00:19:12: Processing file: 5166.pdf, type: application/pdf, size: 279121 bytes
2025-04-16 00:19:12: OCR processing enabled
2025-04-16 00:19:12: Proxy attempt 1/3 to http://localhost:56002/extract-pdf
2025-04-16 00:19:33: PDF extraction successful
2025-04-16 00:49:48:    ▲ Next.js 14.0.3
2025-04-16 00:49:48:    - Local:        http://localhost:55000
2025-04-16 00:49:48:    - Network:      http://0.0.0.0:55000
2025-04-16 00:49:48: 
2025-04-16 00:49:48:  ✓ Ready in 225ms
2025-04-16 00:50:04: Proxying status request to http://localhost:56002/status { configuredUrl: 'http://localhost:55002' }
2025-04-16 00:50:04: Proxy attempt 1/3 to http://localhost:56002/status
2025-04-16 00:50:04: Status check successful: {
2025-04-16 00:50:04:   status: 'online',
2025-04-16 00:50:04:   timestamp: '2025-04-16T03:50:04.642Z',
2025-04-16 00:50:04:   environment: 'production',
2025-04-16 00:50:04:   apiKeyConfigured: true,
2025-04-16 00:50:04:   version: '1.0.0'
2025-04-16 00:50:04: }
2025-04-16 00:50:04: Proxying status request to http://localhost:56002/status { configuredUrl: 'http://localhost:55002' }
2025-04-16 00:50:04: Proxy attempt 1/3 to http://localhost:56002/status
2025-04-16 00:50:04: Status check successful: {
2025-04-16 00:50:04:   status: 'online',
2025-04-16 00:50:04:   timestamp: '2025-04-16T03:50:04.828Z',
2025-04-16 00:50:04:   environment: 'production',
2025-04-16 00:50:04:   apiKeyConfigured: true,
2025-04-16 00:50:04:   version: '1.0.0'
2025-04-16 00:50:04: }
2025-04-16 00:50:06: Proxying status request to http://localhost:56002/status { configuredUrl: 'http://localhost:55002' }
2025-04-16 00:50:06: Proxy attempt 1/3 to http://localhost:56002/status
2025-04-16 00:50:06: Status check successful: {
2025-04-16 00:50:06:   status: 'online',
2025-04-16 00:50:06:   timestamp: '2025-04-16T03:50:06.912Z',
2025-04-16 00:50:06:   environment: 'production',
2025-04-16 00:50:06:   apiKeyConfigured: true,
2025-04-16 00:50:06:   version: '1.0.0'
2025-04-16 00:50:06: }
2025-04-16 00:50:14: Proxying extract-pdf request to http://localhost:56002/extract-pdf { configuredUrl: 'http://localhost:55002' }
2025-04-16 00:50:14: Processing file: 6542.pdf, type: application/pdf, size: 653372 bytes
2025-04-16 00:50:14: Custom prompt included in request
2025-04-16 00:50:14: OCR processing enabled
2025-04-16 00:50:14: Proxy attempt 1/3 to http://localhost:56002/extract-pdf
2025-04-16 00:50:32: PDF extraction successful
2025-04-16 00:57:58:    ▲ Next.js 14.0.3
2025-04-16 00:57:58:    - Local:        http://localhost:55000
2025-04-16 00:57:58:    - Network:      http://0.0.0.0:55000
2025-04-16 00:57:58: 
2025-04-16 00:57:58:  ✓ Ready in 65ms
2025-04-16 00:58:10: Proxying status request to http://localhost:56002/status { configuredUrl: 'http://localhost:55002' }
2025-04-16 00:58:10: Proxy attempt 1/3 to http://localhost:56002/status
2025-04-16 00:58:10: Status check successful: {
2025-04-16 00:58:10:   status: 'online',
2025-04-16 00:58:10:   timestamp: '2025-04-16T03:58:10.448Z',
2025-04-16 00:58:10:   environment: 'production',
2025-04-16 00:58:10:   apiKeyConfigured: true,
2025-04-16 00:58:10:   version: '1.0.0'
2025-04-16 00:58:10: }
2025-04-16 00:58:10: Proxying status request to http://localhost:56002/status { configuredUrl: 'http://localhost:55002' }
2025-04-16 00:58:10: Proxy attempt 1/3 to http://localhost:56002/status
2025-04-16 00:58:10: Status check successful: {
2025-04-16 00:58:10:   status: 'online',
2025-04-16 00:58:10:   timestamp: '2025-04-16T03:58:10.507Z',
2025-04-16 00:58:10:   environment: 'production',
2025-04-16 00:58:10:   apiKeyConfigured: true,
2025-04-16 00:58:10:   version: '1.0.0'
2025-04-16 00:58:10: }
2025-04-16 00:58:11: Proxying status request to http://localhost:56002/status { configuredUrl: 'http://localhost:55002' }
2025-04-16 00:58:11: Proxy attempt 1/3 to http://localhost:56002/status
2025-04-16 00:58:11: Status check successful: {
2025-04-16 00:58:11:   status: 'online',
2025-04-16 00:58:11:   timestamp: '2025-04-16T03:58:11.698Z',
2025-04-16 00:58:11:   environment: 'production',
2025-04-16 00:58:11:   apiKeyConfigured: true,
2025-04-16 00:58:11:   version: '1.0.0'
2025-04-16 00:58:11: }
2025-04-16 00:58:27: Proxying extract-pdf request to http://localhost:56002/extract-pdf { configuredUrl: 'http://localhost:55002' }
2025-04-16 00:58:27: Processing file: 5166.pdf, type: application/pdf, size: 279121 bytes
2025-04-16 00:58:27: Custom prompt included in request
2025-04-16 00:58:27: OCR processing enabled
2025-04-16 00:58:27: Proxy attempt 1/3 to http://localhost:56002/extract-pdf
2025-04-16 00:59:14: PDF extraction successful
2025-04-16 01:25:46: Proxying status request to http://localhost:56002/status { configuredUrl: 'http://localhost:55002' }
2025-04-16 01:25:46: Proxy attempt 1/3 to http://localhost:56002/status
2025-04-16 01:25:46: Status check successful: {
2025-04-16 01:25:46:   status: 'online',
2025-04-16 01:25:46:   timestamp: '2025-04-16T04:25:46.394Z',
2025-04-16 01:25:46:   environment: 'production',
2025-04-16 01:25:46:   apiKeyConfigured: true,
2025-04-16 01:25:46:   version: '1.0.0'
2025-04-16 01:25:46: }
2025-04-16 01:25:46: Proxying status request to http://localhost:56002/status { configuredUrl: 'http://localhost:55002' }
2025-04-16 01:25:46: Proxy attempt 1/3 to http://localhost:56002/status
2025-04-16 01:25:46: Status check successful: {
2025-04-16 01:25:46:   status: 'online',
2025-04-16 01:25:46:   timestamp: '2025-04-16T04:25:46.485Z',
2025-04-16 01:25:46:   environment: 'production',
2025-04-16 01:25:46:   apiKeyConfigured: true,
2025-04-16 01:25:46:   version: '1.0.0'
2025-04-16 01:25:46: }
2025-04-16 01:26:01:    ▲ Next.js 14.0.3
2025-04-16 01:26:01:    - Local:        http://localhost:55000
2025-04-16 01:26:01:    - Network:      http://0.0.0.0:55000
2025-04-16 01:26:01: 
2025-04-16 01:26:02:  ✓ Ready in 281ms
2025-04-16 01:26:04: Proxying status request to http://localhost:56002/status { configuredUrl: 'http://localhost:55002' }
2025-04-16 01:26:04: Proxy attempt 1/3 to http://localhost:56002/status
2025-04-16 01:26:04: Status check successful: {
2025-04-16 01:26:04:   status: 'online',
2025-04-16 01:26:04:   timestamp: '2025-04-16T04:26:04.677Z',
2025-04-16 01:26:04:   environment: 'production',
2025-04-16 01:26:04:   apiKeyConfigured: true,
2025-04-16 01:26:04:   version: '1.0.0'
2025-04-16 01:26:04: }
2025-04-16 01:26:04: Proxying status request to http://localhost:56002/status { configuredUrl: 'http://localhost:55002' }
2025-04-16 01:26:04: Proxy attempt 1/3 to http://localhost:56002/status
2025-04-16 01:26:04: Status check successful: {
2025-04-16 01:26:04:   status: 'online',
2025-04-16 01:26:04:   timestamp: '2025-04-16T04:26:04.759Z',
2025-04-16 01:26:04:   environment: 'production',
2025-04-16 01:26:04:   apiKeyConfigured: true,
2025-04-16 01:26:04:   version: '1.0.0'
2025-04-16 01:26:04: }
2025-04-16 01:26:05: Proxying status request to http://localhost:56002/status { configuredUrl: 'http://localhost:55002' }
2025-04-16 01:26:05: Proxy attempt 1/3 to http://localhost:56002/status
2025-04-16 01:26:05: Status check successful: {
2025-04-16 01:26:05:   status: 'online',
2025-04-16 01:26:05:   timestamp: '2025-04-16T04:26:05.956Z',
2025-04-16 01:26:05:   environment: 'production',
2025-04-16 01:26:05:   apiKeyConfigured: true,
2025-04-16 01:26:05:   version: '1.0.0'
2025-04-16 01:26:05: }
2025-04-16 01:26:15: Proxying extract-pdf request to http://localhost:56002/extract-pdf { configuredUrl: 'http://localhost:55002' }
2025-04-16 01:26:15: Processing file: MATRICULA 7232.pdf, type: application/pdf, size: 1004525 bytes
2025-04-16 01:26:15: Custom prompt included in request
2025-04-16 01:26:15: OCR processing enabled
2025-04-16 01:26:15: Proxy attempt 1/3 to http://localhost:56002/extract-pdf
2025-04-16 01:27:16: Proxy attempt 2/3 to http://localhost:56002/extract-pdf
2025-04-16 01:28:17: Proxy attempt 3/3 to http://localhost:56002/extract-pdf
2025-04-16 01:31:07: Proxying status request to http://localhost:56002/status { configuredUrl: 'http://localhost:55002' }
2025-04-16 01:31:07: Proxy attempt 1/3 to http://localhost:56002/status
2025-04-16 01:31:07: Status check successful: {
2025-04-16 01:31:07:   status: 'online',
2025-04-16 01:31:07:   timestamp: '2025-04-16T04:31:07.652Z',
2025-04-16 01:31:07:   environment: 'production',
2025-04-16 01:31:07:   apiKeyConfigured: true,
2025-04-16 01:31:07:   version: '1.0.0'
2025-04-16 01:31:07: }
2025-04-16 01:31:07: Proxying status request to http://localhost:56002/status { configuredUrl: 'http://localhost:55002' }
2025-04-16 01:31:07: Proxy attempt 1/3 to http://localhost:56002/status
2025-04-16 01:31:07: Status check successful: {
2025-04-16 01:31:07:   status: 'online',
2025-04-16 01:31:07:   timestamp: '2025-04-16T04:31:07.695Z',
2025-04-16 01:31:07:   environment: 'production',
2025-04-16 01:31:07:   apiKeyConfigured: true,
2025-04-16 01:31:07:   version: '1.0.0'
2025-04-16 01:31:07: }
2025-04-16 01:31:10: Proxying status request to http://localhost:56002/status { configuredUrl: 'http://localhost:55002' }
2025-04-16 01:31:10: Proxy attempt 1/3 to http://localhost:56002/status
2025-04-16 01:31:10: Status check successful: {
2025-04-16 01:31:10:   status: 'online',
2025-04-16 01:31:10:   timestamp: '2025-04-16T04:31:10.765Z',
2025-04-16 01:31:10:   environment: 'production',
2025-04-16 01:31:10:   apiKeyConfigured: true,
2025-04-16 01:31:10:   version: '1.0.0'
2025-04-16 01:31:10: }
2025-04-16 01:31:18: Proxying extract-pdf request to http://localhost:56002/extract-pdf { configuredUrl: 'http://localhost:55002' }
2025-04-16 01:31:18: Processing file: 5166.pdf, type: application/pdf, size: 279121 bytes
2025-04-16 01:31:18: Custom prompt included in request
2025-04-16 01:31:18: OCR processing enabled
2025-04-16 01:31:18: Proxy attempt 1/3 to http://localhost:56002/extract-pdf
2025-04-16 01:31:59: PDF extraction successful
2025-04-16 04:05:54: Proxying status request to http://localhost:56002/status { configuredUrl: 'http://localhost:55002' }
2025-04-16 04:05:54: Proxy attempt 1/3 to http://localhost:56002/status
2025-04-16 04:05:54: Status check successful: {
2025-04-16 04:05:54:   status: 'online',
2025-04-16 04:05:54:   timestamp: '2025-04-16T07:05:54.899Z',
2025-04-16 04:05:54:   environment: 'production',
2025-04-16 04:05:54:   apiKeyConfigured: true,
2025-04-16 04:05:54:   version: '1.0.0'
2025-04-16 04:05:54: }
2025-04-16 04:05:55: Proxying status request to http://localhost:56002/status { configuredUrl: 'http://localhost:55002' }
2025-04-16 04:05:55: Proxy attempt 1/3 to http://localhost:56002/status
2025-04-16 04:05:55: Status check successful: {
2025-04-16 04:05:55:   status: 'online',
2025-04-16 04:05:55:   timestamp: '2025-04-16T07:05:55.124Z',
2025-04-16 04:05:55:   environment: 'production',
2025-04-16 04:05:55:   apiKeyConfigured: true,
2025-04-16 04:05:55:   version: '1.0.0'
2025-04-16 04:05:55: }
2025-04-16 05:50:24: Proxying status request to http://localhost:56002/status { configuredUrl: 'http://localhost:55002' }
2025-04-16 05:50:24: Proxy attempt 1/3 to http://localhost:56002/status
2025-04-16 05:50:24: Status check successful: {
2025-04-16 05:50:24:   status: 'online',
2025-04-16 05:50:24:   timestamp: '2025-04-16T08:50:24.232Z',
2025-04-16 05:50:24:   environment: 'production',
2025-04-16 05:50:24:   apiKeyConfigured: true,
2025-04-16 05:50:24:   version: '1.0.0'
2025-04-16 05:50:24: }
2025-04-16 05:50:24: Proxying status request to http://localhost:56002/status { configuredUrl: 'http://localhost:55002' }
2025-04-16 05:50:24: Proxy attempt 1/3 to http://localhost:56002/status
2025-04-16 05:50:24: Status check successful: {
2025-04-16 05:50:24:   status: 'online',
2025-04-16 05:50:24:   timestamp: '2025-04-16T08:50:24.527Z',
2025-04-16 05:50:24:   environment: 'production',
2025-04-16 05:50:24:   apiKeyConfigured: true,
2025-04-16 05:50:24:   version: '1.0.0'
2025-04-16 05:50:24: }
2025-04-16 06:10:50: Proxying status request to http://localhost:56002/status { configuredUrl: 'http://localhost:55002' }
2025-04-16 06:10:50: Proxy attempt 1/3 to http://localhost:56002/status
2025-04-16 06:10:50: Status check successful: {
2025-04-16 06:10:50:   status: 'online',
2025-04-16 06:10:50:   timestamp: '2025-04-16T09:10:50.759Z',
2025-04-16 06:10:50:   environment: 'production',
2025-04-16 06:10:50:   apiKeyConfigured: true,
2025-04-16 06:10:50:   version: '1.0.0'
2025-04-16 06:10:50: }
2025-04-16 06:10:51: Proxying status request to http://localhost:56002/status { configuredUrl: 'http://localhost:55002' }
2025-04-16 06:10:51: Proxy attempt 1/3 to http://localhost:56002/status
2025-04-16 06:10:51: Status check successful: {
2025-04-16 06:10:51:   status: 'online',
2025-04-16 06:10:51:   timestamp: '2025-04-16T09:10:51.350Z',
2025-04-16 06:10:51:   environment: 'production',
2025-04-16 06:10:51:   apiKeyConfigured: true,
2025-04-16 06:10:51:   version: '1.0.0'
2025-04-16 06:10:51: }
2025-04-16 06:15:41: Proxying status request to http://localhost:56002/status { configuredUrl: 'http://localhost:55002' }
2025-04-16 06:15:41: Proxy attempt 1/3 to http://localhost:56002/status
2025-04-16 06:15:41: Status check successful: {
2025-04-16 06:15:41:   status: 'online',
2025-04-16 06:15:41:   timestamp: '2025-04-16T09:15:41.529Z',
2025-04-16 06:15:41:   environment: 'production',
2025-04-16 06:15:41:   apiKeyConfigured: true,
2025-04-16 06:15:41:   version: '1.0.0'
2025-04-16 06:15:41: }
2025-04-16 06:15:41: Proxying status request to http://localhost:56002/status { configuredUrl: 'http://localhost:55002' }
2025-04-16 06:15:41: Proxy attempt 1/3 to http://localhost:56002/status
2025-04-16 06:15:41: Status check successful: {
2025-04-16 06:15:41:   status: 'online',
2025-04-16 06:15:41:   timestamp: '2025-04-16T09:15:41.913Z',
2025-04-16 06:15:41:   environment: 'production',
2025-04-16 06:15:41:   apiKeyConfigured: true,
2025-04-16 06:15:41:   version: '1.0.0'
2025-04-16 06:15:41: }
2025-04-16 08:02:08:    ▲ Next.js 14.0.3
2025-04-16 08:02:08:    - Local:        http://localhost:55000
2025-04-16 08:02:08:    - Network:      http://0.0.0.0:55000
2025-04-16 08:02:08: 
2025-04-16 08:02:08:  ✓ Ready in 206ms
2025-04-16 08:02:34: Proxying status request to http://localhost:56002/status { configuredUrl: 'http://localhost:55002' }
2025-04-16 08:02:34: Proxy attempt 1/3 to http://localhost:56002/status
2025-04-16 08:02:34: Status check successful: {
2025-04-16 08:02:34:   status: 'online',
2025-04-16 08:02:34:   timestamp: '2025-04-16T11:02:34.293Z',
2025-04-16 08:02:34:   environment: 'production',
2025-04-16 08:02:34:   apiKeyConfigured: true,
2025-04-16 08:02:34:   version: '1.0.0'
2025-04-16 08:02:34: }
2025-04-16 08:02:34: Proxying status request to http://localhost:56002/status { configuredUrl: 'http://localhost:55002' }
2025-04-16 08:02:34: Proxy attempt 1/3 to http://localhost:56002/status
2025-04-16 08:02:34: Status check successful: {
2025-04-16 08:02:34:   status: 'online',
2025-04-16 08:02:34:   timestamp: '2025-04-16T11:02:34.397Z',
2025-04-16 08:02:34:   environment: 'production',
2025-04-16 08:02:34:   apiKeyConfigured: true,
2025-04-16 08:02:34:   version: '1.0.0'
2025-04-16 08:02:34: }
2025-04-16 08:02:38: Proxying status request to http://localhost:56002/status { configuredUrl: 'http://localhost:55002' }
2025-04-16 08:02:38: Proxy attempt 1/3 to http://localhost:56002/status
2025-04-16 08:02:38: Status check successful: {
2025-04-16 08:02:38:   status: 'online',
2025-04-16 08:02:38:   timestamp: '2025-04-16T11:02:38.607Z',
2025-04-16 08:02:38:   environment: 'production',
2025-04-16 08:02:38:   apiKeyConfigured: true,
2025-04-16 08:02:38:   version: '1.0.0'
2025-04-16 08:02:38: }
2025-04-16 08:02:48: Proxying extract-pdf request to http://localhost:56002/extract-pdf { configuredUrl: 'http://localhost:55002' }
2025-04-16 08:02:48: Processing file: 5166.pdf, type: application/pdf, size: 279121 bytes
2025-04-16 08:02:48: Custom prompt included in request
2025-04-16 08:02:48: OCR processing enabled
2025-04-16 08:02:48: Proxy attempt 1/3 to http://localhost:56002/extract-pdf
2025-04-16 08:03:32: PDF extraction successful
2025-04-16 08:49:01:    ▲ Next.js 14.0.3
2025-04-16 08:49:01:    - Local:        http://localhost:55000
2025-04-16 08:49:01: 
2025-04-16 08:49:01:  ✓ Ready in 604ms
2025-04-16 08:49:04: Proxying status request to http://localhost:56002/status { configuredUrl: 'http://localhost:56002' }
2025-04-16 08:49:04: Proxy attempt 1/3 to http://localhost:56002/status
2025-04-16 08:49:04: Status check successful: {
  status: 'online',
  timestamp: '2025-04-16T11:49:04.648Z',
  environment: 'production',
  apiKeyConfigured: true,
  version: '1.0.0'
}
2025-04-16 08:49:04: Proxying status request to http://localhost:56002/status { configuredUrl: 'http://localhost:56002' }
2025-04-16 08:49:04: Proxy attempt 1/3 to http://localhost:56002/status
2025-04-16 08:49:04: Status check successful: {
  status: 'online',
  timestamp: '2025-04-16T11:49:04.764Z',
  environment: 'production',
  apiKeyConfigured: true,
  version: '1.0.0'
}
2025-04-16 08:49:06: Proxying status request to http://localhost:56002/status { configuredUrl: 'http://localhost:56002' }
2025-04-16 08:49:06: Proxy attempt 1/3 to http://localhost:56002/status
2025-04-16 08:49:06: Status check successful: {
  status: 'online',
  timestamp: '2025-04-16T11:49:06.425Z',
  environment: 'production',
  apiKeyConfigured: true,
  version: '1.0.0'
}
2025-04-16 08:49:15: Proxying extract-pdf request to http://localhost:56002/extract-pdf { configuredUrl: 'http://localhost:56002' }
2025-04-16 08:49:15: Processing file: 316.pdf, type: application/pdf, size: 7630515 bytes
2025-04-16 08:49:15: Custom prompt included in request
2025-04-16 08:49:15: OCR processing enabled
2025-04-16 08:49:15: Proxy attempt 1/3 to http://localhost:56002/extract-pdf
2025-04-16 08:49:59: PDF extraction successful
2025-04-16 08:54:20: Proxying status request to http://localhost:56002/status { configuredUrl: 'http://localhost:56002' }
2025-04-16 08:54:20: Proxy attempt 1/3 to http://localhost:56002/status
2025-04-16 08:54:20: Status check successful: {
  status: 'online',
  timestamp: '2025-04-16T11:54:20.225Z',
  environment: 'production',
  apiKeyConfigured: true,
  version: '1.0.0'
}
2025-04-16 08:54:20: Proxying status request to http://localhost:56002/status { configuredUrl: 'http://localhost:56002' }
2025-04-16 08:54:20: Proxy attempt 1/3 to http://localhost:56002/status
2025-04-16 08:54:20: Status check successful: {
  status: 'online',
  timestamp: '2025-04-16T11:54:20.291Z',
  environment: 'production',
  apiKeyConfigured: true,
  version: '1.0.0'
}
2025-04-16 08:54:21: Proxying status request to http://localhost:56002/status { configuredUrl: 'http://localhost:56002' }
2025-04-16 08:54:21: Proxy attempt 1/3 to http://localhost:56002/status
2025-04-16 08:54:21: Status check successful: {
  status: 'online',
  timestamp: '2025-04-16T11:54:21.140Z',
  environment: 'production',
  apiKeyConfigured: true,
  version: '1.0.0'
}
2025-04-16 08:54:27: Proxying extract-pdf request to http://localhost:56002/extract-pdf { configuredUrl: 'http://localhost:56002' }
2025-04-16 08:54:27: Processing file: 316.pdf, type: application/pdf, size: 7630515 bytes
2025-04-16 08:54:27: Custom prompt included in request
2025-04-16 08:54:27: OCR processing enabled
2025-04-16 08:54:27: Proxy attempt 1/3 to http://localhost:56002/extract-pdf
2025-04-16 08:55:12: PDF extraction successful
2025-04-16 09:01:49:    ▲ Next.js 14.0.3
2025-04-16 09:01:49:    - Local:        http://localhost:55000
2025-04-16 09:01:49: 
2025-04-16 09:01:49:  ✓ Ready in 765ms
2025-04-16 09:01:52: Proxying status request to http://localhost:56002/status { configuredUrl: 'http://localhost:56002' }
2025-04-16 09:01:52: Proxy attempt 1/3 to http://localhost:56002/status
2025-04-16 09:01:52: Status check successful: {
  status: 'online',
  timestamp: '2025-04-16T12:01:52.864Z',
  environment: 'production',
  apiKeyConfigured: true,
  version: '1.0.0'
}
2025-04-16 09:01:52: Proxying status request to http://localhost:56002/status { configuredUrl: 'http://localhost:56002' }
2025-04-16 09:01:52: Proxy attempt 1/3 to http://localhost:56002/status
2025-04-16 09:01:52: Status check successful: {
  status: 'online',
  timestamp: '2025-04-16T12:01:52.930Z',
  environment: 'production',
  apiKeyConfigured: true,
  version: '1.0.0'
}
2025-04-16 09:01:54: Proxying status request to http://localhost:56002/status { configuredUrl: 'http://localhost:56002' }
2025-04-16 09:01:54: Proxy attempt 1/3 to http://localhost:56002/status
2025-04-16 09:01:54: Status check successful: {
  status: 'online',
  timestamp: '2025-04-16T12:01:54.241Z',
  environment: 'production',
  apiKeyConfigured: true,
  version: '1.0.0'
}
2025-04-16 09:01:54: Proxying status request to http://localhost:56002/status { configuredUrl: 'http://localhost:56002' }
2025-04-16 09:01:54: Proxy attempt 1/3 to http://localhost:56002/status
2025-04-16 09:01:54: Status check successful: {
  status: 'online',
  timestamp: '2025-04-16T12:01:54.312Z',
  environment: 'production',
  apiKeyConfigured: true,
  version: '1.0.0'
}
2025-04-16 09:02:50:    ▲ Next.js 14.0.3
2025-04-16 09:02:50:    - Local:        http://localhost:55000
2025-04-16 09:02:50: 
2025-04-16 09:02:51:  ✓ Ready in 2.5s
2025-04-16 09:03:30: Proxying status request to http://localhost:56002/status { configuredUrl: 'http://localhost:56002' }
2025-04-16 09:03:30: Proxy attempt 1/3 to http://localhost:56002/status
2025-04-16 09:03:30: Status check successful: {
  status: 'online',
  timestamp: '2025-04-16T12:03:30.537Z',
  environment: 'production',
  apiKeyConfigured: true,
  version: '1.0.0'
}
2025-04-16 09:03:30: Proxying status request to http://localhost:56002/status { configuredUrl: 'http://localhost:56002' }
2025-04-16 09:03:30: Proxy attempt 1/3 to http://localhost:56002/status
2025-04-16 09:03:30: Status check successful: {
  status: 'online',
  timestamp: '2025-04-16T12:03:30.680Z',
  environment: 'production',
  apiKeyConfigured: true,
  version: '1.0.0'
}
2025-04-16 09:10:35:    ▲ Next.js 14.0.3
2025-04-16 09:10:35:    - Local:        http://localhost:55000
2025-04-16 09:10:35: 
2025-04-16 09:10:36:  ✓ Ready in 1151ms
2025-04-16 09:10:59: Proxying status request to http://localhost:56002/status { configuredUrl: 'http://localhost:56002' }
2025-04-16 09:10:59: Proxy attempt 1/3 to http://localhost:56002/status
2025-04-16 09:10:59: Status check successful: {
  status: 'online',
  timestamp: '2025-04-16T12:10:59.383Z',
  environment: 'production',
  apiKeyConfigured: true,
  version: '1.0.0'
}
2025-04-16 09:10:59: Proxying status request to http://localhost:56002/status { configuredUrl: 'http://localhost:56002' }
2025-04-16 09:10:59: Proxy attempt 1/3 to http://localhost:56002/status
2025-04-16 09:10:59: Status check successful: {
  status: 'online',
  timestamp: '2025-04-16T12:10:59.490Z',
  environment: 'production',
  apiKeyConfigured: true,
  version: '1.0.0'
}
2025-04-16 09:15:40:    ▲ Next.js 14.0.3
2025-04-16 09:15:40:    - Local:        http://localhost:55000
2025-04-16 09:15:40: 
2025-04-16 09:15:41:  ✓ Ready in 518ms
2025-04-16 09:15:46: Proxying status request to http://localhost:56002/status { configuredUrl: 'http://localhost:56002' }
2025-04-16 09:15:46: Proxy attempt 1/3 to http://localhost:56002/status
2025-04-16 09:15:46: Status check successful: {
  status: 'online',
  timestamp: '2025-04-16T12:15:46.183Z',
  environment: 'production',
  apiKeyConfigured: true,
  version: '1.0.0'
}
2025-04-16 09:15:46: Proxying status request to http://localhost:56002/status { configuredUrl: 'http://localhost:56002' }
2025-04-16 09:15:46: Proxy attempt 1/3 to http://localhost:56002/status
2025-04-16 09:15:46: Status check successful: {
  status: 'online',
  timestamp: '2025-04-16T12:15:46.256Z',
  environment: 'production',
  apiKeyConfigured: true,
  version: '1.0.0'
}
2025-04-16 09:15:54: Proxying status request to http://localhost:56002/status { configuredUrl: 'http://localhost:56002' }
2025-04-16 09:15:54: Proxy attempt 1/3 to http://localhost:56002/status
2025-04-16 09:15:54: Status check successful: {
  status: 'online',
  timestamp: '2025-04-16T12:15:54.153Z',
  environment: 'production',
  apiKeyConfigured: true,
  version: '1.0.0'
}
2025-04-16 09:16:05: Proxying extract-pdf request to http://localhost:56002/extract-pdf { configuredUrl: 'http://localhost:56002' }
2025-04-16 09:16:05: Processing file: 5166.pdf, type: application/pdf, size: 279121 bytes
2025-04-16 09:16:05: Custom prompt included in request
2025-04-16 09:16:05: OCR processing enabled
2025-04-16 09:16:05: Proxy attempt 1/3 to http://localhost:56002/extract-pdf
2025-04-16 09:16:46: PDF extraction successful
2025-04-16 09:20:36:    ▲ Next.js 14.0.3
2025-04-16 09:20:36:    - Local:        http://localhost:55000
2025-04-16 09:20:36: 
2025-04-16 09:20:36:  ✓ Ready in 478ms
2025-04-16 09:21:56: Proxying status request to http://localhost:56002/status { configuredUrl: 'http://localhost:56002' }
2025-04-16 09:21:56: Proxy attempt 1/3 to http://localhost:56002/status
2025-04-16 09:21:56: Status check successful: {
  status: 'online',
  timestamp: '2025-04-16T12:21:56.220Z',
  environment: 'production',
  apiKeyConfigured: true,
  version: '1.0.0'
}
2025-04-16 09:21:56: Proxying status request to http://localhost:56002/status { configuredUrl: 'http://localhost:56002' }
2025-04-16 09:21:56: Proxy attempt 1/3 to http://localhost:56002/status
2025-04-16 09:21:56: Status check successful: {
  status: 'online',
  timestamp: '2025-04-16T12:21:56.293Z',
  environment: 'production',
  apiKeyConfigured: true,
  version: '1.0.0'
}
2025-04-16 09:22:03: Proxying status request to http://localhost:56002/status { configuredUrl: 'http://localhost:56002' }
2025-04-16 09:22:03: Proxy attempt 1/3 to http://localhost:56002/status
2025-04-16 09:22:03: Status check successful: {
  status: 'online',
  timestamp: '2025-04-16T12:22:03.393Z',
  environment: 'production',
  apiKeyConfigured: true,
  version: '1.0.0'
}
2025-04-16 09:22:03: Proxying status request to http://localhost:56002/status { configuredUrl: 'http://localhost:56002' }
2025-04-16 09:22:03: Proxy attempt 1/3 to http://localhost:56002/status
2025-04-16 09:22:03: Status check successful: {
  status: 'online',
  timestamp: '2025-04-16T12:22:03.468Z',
  environment: 'production',
  apiKeyConfigured: true,
  version: '1.0.0'
}
2025-04-16 09:22:06: Proxying status request to http://localhost:56002/status { configuredUrl: 'http://localhost:56002' }
2025-04-16 09:22:06: Proxy attempt 1/3 to http://localhost:56002/status
2025-04-16 09:22:06: Status check successful: {
  status: 'online',
  timestamp: '2025-04-16T12:22:06.196Z',
  environment: 'production',
  apiKeyConfigured: true,
  version: '1.0.0'
}
2025-04-16 09:22:11: Proxying extract-pdf request to http://localhost:56002/extract-pdf { configuredUrl: 'http://localhost:56002' }
2025-04-16 09:22:11: Processing file: 316.pdf, type: application/pdf, size: 7630515 bytes
2025-04-16 09:22:11: Custom prompt included in request
2025-04-16 09:22:11: OCR processing enabled
2025-04-16 09:22:11: Proxy attempt 1/3 to http://localhost:56002/extract-pdf
2025-04-16 09:22:59: PDF extraction successful
2025-04-16 09:28:38: Proxying status request to http://localhost:56002/status { configuredUrl: 'http://localhost:56002' }
2025-04-16 09:28:38: Proxy attempt 1/3 to http://localhost:56002/status
2025-04-16 09:28:38: Status check successful: {
  status: 'online',
  timestamp: '2025-04-16T12:28:38.229Z',
  environment: 'production',
  apiKeyConfigured: true,
  version: '1.0.0'
}
2025-04-16 09:28:38: Proxying status request to http://localhost:56002/status { configuredUrl: 'http://localhost:56002' }
2025-04-16 09:28:38: Proxy attempt 1/3 to http://localhost:56002/status
2025-04-16 09:28:38: Status check successful: {
  status: 'online',
  timestamp: '2025-04-16T12:28:38.283Z',
  environment: 'production',
  apiKeyConfigured: true,
  version: '1.0.0'
}
2025-04-16 09:28:43: Proxying status request to http://localhost:56002/status { configuredUrl: 'http://localhost:56002' }
2025-04-16 09:28:43: Proxy attempt 1/3 to http://localhost:56002/status
2025-04-16 09:28:43: Status check successful: {
  status: 'online',
  timestamp: '2025-04-16T12:28:43.588Z',
  environment: 'production',
  apiKeyConfigured: true,
  version: '1.0.0'
}
2025-04-16 09:28:43: Proxying status request to http://localhost:56002/status { configuredUrl: 'http://localhost:56002' }
2025-04-16 09:28:43: Proxy attempt 1/3 to http://localhost:56002/status
2025-04-16 09:28:43: Status check successful: {
  status: 'online',
  timestamp: '2025-04-16T12:28:43.641Z',
  environment: 'production',
  apiKeyConfigured: true,
  version: '1.0.0'
}
2025-04-16 09:31:25:    ▲ Next.js 14.0.3
2025-04-16 09:31:25:    - Local:        http://localhost:55000
2025-04-16 09:31:25: 
2025-04-16 09:31:25:  ✓ Ready in 426ms
2025-04-16 09:31:27: Proxying status request to http://localhost:56002/status { configuredUrl: 'http://localhost:56002' }
2025-04-16 09:31:27: Proxy attempt 1/3 to http://localhost:56002/status
2025-04-16 09:31:27: Status check successful: {
  status: 'online',
  timestamp: '2025-04-16T12:31:27.145Z',
  environment: 'production',
  apiKeyConfigured: true,
  version: '1.0.0'
}
2025-04-16 09:31:27: Proxying status request to http://localhost:56002/status { configuredUrl: 'http://localhost:56002' }
2025-04-16 09:31:27: Proxy attempt 1/3 to http://localhost:56002/status
2025-04-16 09:31:27: Status check successful: {
  status: 'online',
  timestamp: '2025-04-16T12:31:27.247Z',
  environment: 'production',
  apiKeyConfigured: true,
  version: '1.0.0'
}
2025-04-16 09:31:32: Proxying status request to http://localhost:56002/status { configuredUrl: 'http://localhost:56002' }
2025-04-16 09:31:32: Proxy attempt 1/3 to http://localhost:56002/status
2025-04-16 09:31:32: Status check successful: {
  status: 'online',
  timestamp: '2025-04-16T12:31:32.531Z',
  environment: 'production',
  apiKeyConfigured: true,
  version: '1.0.0'
}
2025-04-16 09:31:42: Proxying extract-pdf request to http://localhost:56002/extract-pdf { configuredUrl: 'http://localhost:56002' }
2025-04-16 09:31:42: Processing file: MATRICULA 7232.pdf, type: application/pdf, size: 1004525 bytes
2025-04-16 09:31:42: Custom prompt included in request
2025-04-16 09:31:42: OCR processing enabled
2025-04-16 09:31:42: Proxy attempt 1/3 to http://localhost:56002/extract-pdf
2025-04-16 09:32:52: PDF extraction successful
2025-04-16 09:37:22:    ▲ Next.js 14.0.3
2025-04-16 09:37:22:    - Local:        http://localhost:55000
2025-04-16 09:37:22: 
2025-04-16 09:37:22:  ✓ Ready in 491ms
2025-04-16 09:38:01: Proxying status request to http://localhost:56002/status { configuredUrl: 'http://localhost:56002' }
2025-04-16 09:38:01: Proxy attempt 1/3 to http://localhost:56002/status
2025-04-16 09:38:01: Status check successful: {
  status: 'online',
  timestamp: '2025-04-16T12:38:01.939Z',
  environment: 'production',
  apiKeyConfigured: true,
  version: '1.0.0'
}
2025-04-16 09:38:01: Proxying status request to http://localhost:56002/status { configuredUrl: 'http://localhost:56002' }
2025-04-16 09:38:01: Proxy attempt 1/3 to http://localhost:56002/status
2025-04-16 09:38:02: Status check successful: {
  status: 'online',
  timestamp: '2025-04-16T12:38:02.005Z',
  environment: 'production',
  apiKeyConfigured: true,
  version: '1.0.0'
}
2025-04-16 09:38:04: Proxying status request to http://localhost:56002/status { configuredUrl: 'http://localhost:56002' }
2025-04-16 09:38:04: Proxy attempt 1/3 to http://localhost:56002/status
2025-04-16 09:38:04: Status check successful: {
  status: 'online',
  timestamp: '2025-04-16T12:38:04.766Z',
  environment: 'production',
  apiKeyConfigured: true,
  version: '1.0.0'
}
2025-04-16 09:38:04: Proxying status request to http://localhost:56002/status { configuredUrl: 'http://localhost:56002' }
2025-04-16 09:38:04: Proxy attempt 1/3 to http://localhost:56002/status
2025-04-16 09:38:04: Status check successful: {
  status: 'online',
  timestamp: '2025-04-16T12:38:04.817Z',
  environment: 'production',
  apiKeyConfigured: true,
  version: '1.0.0'
}
2025-04-16 09:38:06: Proxying status request to http://localhost:56002/status { configuredUrl: 'http://localhost:56002' }
2025-04-16 09:38:06: Proxy attempt 1/3 to http://localhost:56002/status
2025-04-16 09:38:06: Status check successful: {
  status: 'online',
  timestamp: '2025-04-16T12:38:06.817Z',
  environment: 'production',
  apiKeyConfigured: true,
  version: '1.0.0'
}
2025-04-16 09:38:16: Proxying extract-pdf request to http://localhost:56002/extract-pdf { configuredUrl: 'http://localhost:56002' }
2025-04-16 09:38:16: Processing file: MATRICULA 10249.pdf, type: application/pdf, size: 800862 bytes
2025-04-16 09:38:16: Custom prompt included in request
2025-04-16 09:38:16: OCR processing enabled
2025-04-16 09:38:16: Proxy attempt 1/3 to http://localhost:56002/extract-pdf
2025-04-16 09:39:12: PDF extraction successful
2025-04-16 09:44:26:    ▲ Next.js 14.0.3
2025-04-16 09:44:26:    - Local:        http://localhost:55000
2025-04-16 09:44:26: 
2025-04-16 09:44:27:  ✓ Ready in 635ms
2025-04-16 09:44:41: Proxying status request to http://localhost:56002/status { configuredUrl: 'http://localhost:56002' }
2025-04-16 09:44:41: Proxy attempt 1/3 to http://localhost:56002/status
2025-04-16 09:44:41: Status check successful: {
  status: 'online',
  timestamp: '2025-04-16T12:44:41.653Z',
  environment: 'production',
  apiKeyConfigured: true,
  version: '1.0.0'
}
2025-04-16 09:44:41: Proxying status request to http://localhost:56002/status { configuredUrl: 'http://localhost:56002' }
2025-04-16 09:44:41: Proxy attempt 1/3 to http://localhost:56002/status
2025-04-16 09:44:41: Status check successful: {
  status: 'online',
  timestamp: '2025-04-16T12:44:41.737Z',
  environment: 'production',
  apiKeyConfigured: true,
  version: '1.0.0'
}
2025-04-16 09:44:47: Proxying status request to http://localhost:56002/status { configuredUrl: 'http://localhost:56002' }
2025-04-16 09:44:47: Proxy attempt 1/3 to http://localhost:56002/status
2025-04-16 09:44:47: Status check successful: {
  status: 'online',
  timestamp: '2025-04-16T12:44:47.250Z',
  environment: 'production',
  apiKeyConfigured: true,
  version: '1.0.0'
}
2025-04-16 09:44:47: Proxying status request to http://localhost:56002/status { configuredUrl: 'http://localhost:56002' }
2025-04-16 09:44:47: Proxy attempt 1/3 to http://localhost:56002/status
2025-04-16 09:44:47: Status check successful: {
  status: 'online',
  timestamp: '2025-04-16T12:44:47.351Z',
  environment: 'production',
  apiKeyConfigured: true,
  version: '1.0.0'
}
2025-04-16 09:44:50: Proxying status request to http://localhost:56002/status { configuredUrl: 'http://localhost:56002' }
2025-04-16 09:44:50: Proxy attempt 1/3 to http://localhost:56002/status
2025-04-16 09:44:50: Status check successful: {
  status: 'online',
  timestamp: '2025-04-16T12:44:50.778Z',
  environment: 'production',
  apiKeyConfigured: true,
  version: '1.0.0'
}
2025-04-16 09:44:50: Proxying status request to http://localhost:56002/status { configuredUrl: 'http://localhost:56002' }
2025-04-16 09:44:50: Proxy attempt 1/3 to http://localhost:56002/status
2025-04-16 09:44:50: Status check successful: {
  status: 'online',
  timestamp: '2025-04-16T12:44:50.980Z',
  environment: 'production',
  apiKeyConfigured: true,
  version: '1.0.0'
}
2025-04-16 09:44:53: Proxying status request to http://localhost:56002/status { configuredUrl: 'http://localhost:56002' }
2025-04-16 09:44:53: Proxy attempt 1/3 to http://localhost:56002/status
2025-04-16 09:44:53: Status check successful: {
  status: 'online',
  timestamp: '2025-04-16T12:44:53.954Z',
  environment: 'production',
  apiKeyConfigured: true,
  version: '1.0.0'
}
2025-04-16 09:44:54: Proxying status request to http://localhost:56002/status { configuredUrl: 'http://localhost:56002' }
2025-04-16 09:44:54: Proxy attempt 1/3 to http://localhost:56002/status
2025-04-16 09:44:54: Status check successful: {
  status: 'online',
  timestamp: '2025-04-16T12:44:54.019Z',
  environment: 'production',
  apiKeyConfigured: true,
  version: '1.0.0'
}
2025-04-16 09:44:57: Proxying status request to http://localhost:56002/status { configuredUrl: 'http://localhost:56002' }
2025-04-16 09:44:57: Proxy attempt 1/3 to http://localhost:56002/status
2025-04-16 09:44:57: Status check successful: {
  status: 'online',
  timestamp: '2025-04-16T12:44:57.297Z',
  environment: 'production',
  apiKeyConfigured: true,
  version: '1.0.0'
}
2025-04-16 09:45:06: Proxying status request to http://localhost:56002/status { configuredUrl: 'http://localhost:56002' }
2025-04-16 09:45:06: Proxy attempt 1/3 to http://localhost:56002/status
2025-04-16 09:45:06: Status check successful: {
  status: 'online',
  timestamp: '2025-04-16T12:45:06.838Z',
  environment: 'production',
  apiKeyConfigured: true,
  version: '1.0.0'
}
2025-04-16 09:45:06: Proxying status request to http://localhost:56002/status { configuredUrl: 'http://localhost:56002' }
2025-04-16 09:45:06: Proxy attempt 1/3 to http://localhost:56002/status
2025-04-16 09:45:06: Status check successful: {
  status: 'online',
  timestamp: '2025-04-16T12:45:06.907Z',
  environment: 'production',
  apiKeyConfigured: true,
  version: '1.0.0'
}
2025-04-16 09:45:08: Proxying status request to http://localhost:56002/status { configuredUrl: 'http://localhost:56002' }
2025-04-16 09:45:08: Proxy attempt 1/3 to http://localhost:56002/status
2025-04-16 09:45:08: Status check successful: {
  status: 'online',
  timestamp: '2025-04-16T12:45:08.464Z',
  environment: 'production',
  apiKeyConfigured: true,
  version: '1.0.0'
}
2025-04-16 09:45:18: Proxying extract-pdf request to http://localhost:56002/extract-pdf { configuredUrl: 'http://localhost:56002' }
2025-04-16 09:45:18: Processing file: MATRICULA 5465.pdf, type: application/pdf, size: 1372727 bytes
2025-04-16 09:45:18: Custom prompt included in request
2025-04-16 09:45:18: OCR processing enabled
2025-04-16 09:45:18: Proxy attempt 1/3 to http://localhost:56002/extract-pdf
2025-04-16 09:46:07: PDF extraction successful
2025-04-16 10:02:16:    ▲ Next.js 14.0.3
2025-04-16 10:02:16:    - Local:        http://localhost:55000
2025-04-16 10:02:16: 
2025-04-16 10:02:17:  ✓ Ready in 1149ms
2025-04-16 10:02:34: Proxying status request to http://localhost:56002/status { configuredUrl: 'http://localhost:56002' }
2025-04-16 10:02:34: Proxy attempt 1/3 to http://localhost:56002/status
2025-04-16 10:02:34: Status check successful: {
  status: 'online',
  timestamp: '2025-04-16T13:02:34.203Z',
  environment: 'production',
  apiKeyConfigured: true,
  version: '1.0.0'
}
2025-04-16 10:02:34: Proxying status request to http://localhost:56002/status { configuredUrl: 'http://localhost:56002' }
2025-04-16 10:02:34: Proxy attempt 1/3 to http://localhost:56002/status
2025-04-16 10:02:34: Status check successful: {
  status: 'online',
  timestamp: '2025-04-16T13:02:34.359Z',
  environment: 'production',
  apiKeyConfigured: true,
  version: '1.0.0'
}
2025-04-16 10:02:37: Proxying status request to http://localhost:56002/status { configuredUrl: 'http://localhost:56002' }
2025-04-16 10:02:37: Proxy attempt 1/3 to http://localhost:56002/status
2025-04-16 10:02:37: Status check successful: {
  status: 'online',
  timestamp: '2025-04-16T13:02:37.662Z',
  environment: 'production',
  apiKeyConfigured: true,
  version: '1.0.0'
}
2025-04-16 10:02:37: Proxying status request to http://localhost:56002/status { configuredUrl: 'http://localhost:56002' }
2025-04-16 10:02:37: Proxy attempt 1/3 to http://localhost:56002/status
2025-04-16 10:02:37: Status check successful: {
  status: 'online',
  timestamp: '2025-04-16T13:02:37.859Z',
  environment: 'production',
  apiKeyConfigured: true,
  version: '1.0.0'
}
2025-04-16 10:02:38: Proxying status request to http://localhost:56002/status { configuredUrl: 'http://localhost:56002' }
2025-04-16 10:02:38: Proxy attempt 1/3 to http://localhost:56002/status
2025-04-16 10:02:38: Status check successful: {
  status: 'online',
  timestamp: '2025-04-16T13:02:38.517Z',
  environment: 'production',
  apiKeyConfigured: true,
  version: '1.0.0'
}
2025-04-16 10:02:51: Proxying extract-pdf request to http://localhost:56002/extract-pdf { configuredUrl: 'http://localhost:56002' }
2025-04-16 10:02:51: Processing file: MATRICULA 6542.pdf, type: application/pdf, size: 653372 bytes
2025-04-16 10:02:51: Custom prompt included in request
2025-04-16 10:02:51: OCR processing enabled
2025-04-16 10:02:51: Proxy attempt 1/3 to http://localhost:56002/extract-pdf
2025-04-16 10:03:55: PDF extraction successful
2025-04-16 10:08:31: Proxying status request to http://localhost:56002/status { configuredUrl: 'http://localhost:56002' }
2025-04-16 10:08:31: Proxy attempt 1/3 to http://localhost:56002/status
2025-04-16 10:08:31: Status check successful: {
  status: 'online',
  timestamp: '2025-04-16T13:08:31.724Z',
  environment: 'production',
  apiKeyConfigured: true,
  version: '1.0.0'
}
2025-04-16 10:08:31: Proxying status request to http://localhost:56002/status { configuredUrl: 'http://localhost:56002' }
2025-04-16 10:08:31: Proxy attempt 1/3 to http://localhost:56002/status
2025-04-16 10:08:31: Status check successful: {
  status: 'online',
  timestamp: '2025-04-16T13:08:31.814Z',
  environment: 'production',
  apiKeyConfigured: true,
  version: '1.0.0'
}
2025-04-16 10:12:16:    ▲ Next.js 14.0.3
2025-04-16 10:12:16:    - Local:        http://localhost:55000
2025-04-16 10:12:16: 
2025-04-16 10:12:16:  ✓ Ready in 469ms
2025-04-16 10:12:47: Proxying status request to http://localhost:56002/status { configuredUrl: 'http://localhost:56002' }
2025-04-16 10:12:47: Proxy attempt 1/3 to http://localhost:56002/status
2025-04-16 10:12:47: Status check successful: {
  status: 'online',
  timestamp: '2025-04-16T13:12:47.445Z',
  environment: 'production',
  apiKeyConfigured: true,
  version: '1.0.0'
}
2025-04-16 10:12:47: Proxying status request to http://localhost:56002/status { configuredUrl: 'http://localhost:56002' }
2025-04-16 10:12:47: Proxy attempt 1/3 to http://localhost:56002/status
2025-04-16 10:12:47: Status check successful: {
  status: 'online',
  timestamp: '2025-04-16T13:12:47.636Z',
  environment: 'production',
  apiKeyConfigured: true,
  version: '1.0.0'
}
2025-04-16 10:12:48: Proxying status request to http://localhost:56002/status { configuredUrl: 'http://localhost:56002' }
2025-04-16 10:12:48: Proxy attempt 1/3 to http://localhost:56002/status
2025-04-16 10:12:48: Status check successful: {
  status: 'online',
  timestamp: '2025-04-16T13:12:48.726Z',
  environment: 'production',
  apiKeyConfigured: true,
  version: '1.0.0'
}
2025-04-16 10:12:59: [API] Criando análise inicial: {
  id: '8e93b882-da42-4f3d-a852-33bb3b0de600',
  extractionId: '248735b8-7a13-4dc7-9579-a4fde3ff7bd4',
  promptId: 'preset-summary',
  model: 'claude-3-7-sonnet-latest',
  content: 'Analysis in progress...',
  analyzedAt: '2025-04-16T13:12:59.424Z',
  sessionId: '72dddc02-5ba2-4c10-ad8e-dd96f95b12f8'
}
2025-04-16 10:12:59: [API] Análise inicial salva em: /home/reader/htdocs/reader.dg5.com.br/data/analysis/8e93b882-da42-4f3d-a852-33bb3b0de600.json
2025-04-16 10:13:02: [API] Iniciando processamento assíncrono da análise: 8e93b882-da42-4f3d-a852-33bb3b0de600
2025-04-16 10:13:02: [API] Conteúdo bruto da extração: {
  "id": "248735b8-7a13-4dc7-9579-a4fde3ff7bd4",
  "documentId": "09262813-1744-4359-b017-0a13a1eb288e",
  "content": "# CERTIDÃO DE REGISTRO DE IMÓVEL - MATRÍCULA 316\n\n## Informações Gerais do Documento\n- **Tipo de Documento**: Certidão de Registro de Imóvel\n- **Comarca**: Tapera\n- **Estado**: Rio Grande do Sul\n- **Município**: Colorado\n- **Ofício dos Registros Públicos de Colorado-RS**\n- **Oficial**: Franciele Petry\n- **Livro**: Nº 2 - Registro Geral\n- **Matrícula**: 316\n- **CNM**:
2025-04-16 10:13:02: [Anthropic] Chamando modelo: claude-3-7-sonnet-20250219
2025-04-16 10:13:02: [Anthropic] Prompt: Extraia o conteúdo completo do documento, sem abreviações nem placeholders. O conteúdo precisa ser COMPLETO IPSIS LITTERIS.
2025-04-16 10:13:02: [Anthropic] Content: # CERTIDÃO DE REGISTRO DE IMÓVEL - MATRÍCULA 316

## Informações Gerais do Documento
- **Tipo de Documento**: Certidão de Registro de Imóvel
- **Comarca**: Tapera
- **Estado**: Rio Grande do Sul
- **Município**: Colorado
- **Ofício dos Registros Públicos de Colorado-RS**
- **Oficial**: Franciele Pet
2025-04-16 10:17:06: Proxying status request to http://localhost:56002/status { configuredUrl: 'http://localhost:56002' }
2025-04-16 10:17:06: Proxy attempt 1/3 to http://localhost:56002/status
2025-04-16 10:17:06: Status check successful: {
  status: 'online',
  timestamp: '2025-04-16T13:17:06.896Z',
  environment: 'production',
  apiKeyConfigured: true,
  version: '1.0.0'
}
2025-04-16 10:17:07: Proxying status request to http://localhost:56002/status { configuredUrl: 'http://localhost:56002' }
2025-04-16 10:17:07: Proxy attempt 1/3 to http://localhost:56002/status
2025-04-16 10:17:07: Status check successful: {
  status: 'online',
  timestamp: '2025-04-16T13:17:07.052Z',
  environment: 'production',
  apiKeyConfigured: true,
  version: '1.0.0'
}
2025-04-16 10:18:01:    ▲ Next.js 14.0.3
2025-04-16 10:18:01:    - Local:        http://localhost:55000
2025-04-16 10:18:01: 
2025-04-16 10:18:01:  ✓ Ready in 590ms
2025-04-16 10:18:13: [API] Criando análise inicial: {
  id: '1d95fdc6-e700-4cb9-ab1f-3e5d1ea2430b',
  extractionId: '248735b8-7a13-4dc7-9579-a4fde3ff7bd4',
  promptId: 'preset-summary',
  model: 'claude-3-7-sonnet-20250219',
  content: 'Analysis in progress...',
  analyzedAt: '2025-04-16T13:18:13.268Z',
  sessionId: '72dddc02-5ba2-4c10-ad8e-dd96f95b12f8'
}
2025-04-16 10:18:13: [API] Análise inicial salva em: /home/reader/htdocs/reader.dg5.com.br/data/analysis/1d95fdc6-e700-4cb9-ab1f-3e5d1ea2430b.json
2025-04-16 10:18:16: [API] Iniciando processamento assíncrono da análise: 1d95fdc6-e700-4cb9-ab1f-3e5d1ea2430b
2025-04-16 10:18:16: [API] Conteúdo bruto da extração: {
  "id": "248735b8-7a13-4dc7-9579-a4fde3ff7bd4",
  "documentId": "09262813-1744-4359-b017-0a13a1eb288e",
  "content": "# CERTIDÃO DE REGISTRO DE IMÓVEL - MATRÍCULA 316\n\n## Informações Gerais do Documento\n- **Tipo de Documento**: Certidão de Registro de Imóvel\n- **Comarca**: Tapera\n- **Estado**: Rio Grande do Sul\n- **Município**: Colorado\n- **Ofício dos Registros Públicos de Colorado-RS**\n- **Oficial**: Franciele Petry\n- **Livro**: Nº 2 - Registro Geral\n- **Matrícula**: 316\n- **CNM**:
2025-04-16 10:18:16: [Anthropic] Chamando modelo: claude-3-7-sonnet-20250219
2025-04-16 10:18:16: [Anthropic] Prompt: Extraia o conteúdo completo do documento, sem abreviações nem placeholders. O conteúdo precisa ser COMPLETO IPSIS LITTERIS.
2025-04-16 10:18:16: [Anthropic] Content: # CERTIDÃO DE REGISTRO DE IMÓVEL - MATRÍCULA 316

## Informações Gerais do Documento
- **Tipo de Documento**: Certidão de Registro de Imóvel
- **Comarca**: Tapera
- **Estado**: Rio Grande do Sul
- **Município**: Colorado
- **Ofício dos Registros Públicos de Colorado-RS**
- **Oficial**: Franciele Pet
2025-04-16 10:18:46: [API] Criando análise inicial: {
  id: '742504ac-b4c7-482c-a321-504bd839bb8a',
  extractionId: '248735b8-7a13-4dc7-9579-a4fde3ff7bd4',
  promptId: 'preset-summary',
  model: 'claude-3-7-sonnet-20250219',
  content: 'Analysis in progress...',
  analyzedAt: '2025-04-16T13:18:46.896Z',
  sessionId: '72dddc02-5ba2-4c10-ad8e-dd96f95b12f8'
}
2025-04-16 10:18:46: [API] Análise inicial salva em: /home/reader/htdocs/reader.dg5.com.br/data/analysis/742504ac-b4c7-482c-a321-504bd839bb8a.json
2025-04-16 10:18:49: [API] Iniciando processamento assíncrono da análise: 742504ac-b4c7-482c-a321-504bd839bb8a
2025-04-16 10:18:49: [API] Conteúdo bruto da extração: {
  "id": "248735b8-7a13-4dc7-9579-a4fde3ff7bd4",
  "documentId": "09262813-1744-4359-b017-0a13a1eb288e",
  "content": "# CERTIDÃO DE REGISTRO DE IMÓVEL - MATRÍCULA 316\n\n## Informações Gerais do Documento\n- **Tipo de Documento**: Certidão de Registro de Imóvel\n- **Comarca**: Tapera\n- **Estado**: Rio Grande do Sul\n- **Município**: Colorado\n- **Ofício dos Registros Públicos de Colorado-RS**\n- **Oficial**: Franciele Petry\n- **Livro**: Nº 2 - Registro Geral\n- **Matrícula**: 316\n- **CNM**:
2025-04-16 10:18:49: [Anthropic] Chamando modelo: claude-3-7-sonnet-20250219
2025-04-16 10:18:49: [Anthropic] Prompt: Extraia o conteúdo completo do documento, sem abreviações nem placeholders. O conteúdo precisa ser COMPLETO IPSIS LITTERIS.
2025-04-16 10:18:49: [Anthropic] Content: # CERTIDÃO DE REGISTRO DE IMÓVEL - MATRÍCULA 316

## Informações Gerais do Documento
- **Tipo de Documento**: Certidão de Registro de Imóvel
- **Comarca**: Tapera
- **Estado**: Rio Grande do Sul
- **Município**: Colorado
- **Ofício dos Registros Públicos de Colorado-RS**
- **Oficial**: Franciele Pet
2025-04-16 10:27:34:    ▲ Next.js 14.0.3
2025-04-16 10:27:34:    - Local:        http://localhost:55000
2025-04-16 10:27:34: 
2025-04-16 10:27:34:  ✓ Ready in 1036ms
2025-04-16 10:27:52: Proxying status request to http://localhost:56002/status { configuredUrl: 'http://localhost:56002' }
2025-04-16 10:27:52: Proxy attempt 1/3 to http://localhost:56002/status
2025-04-16 10:27:53: Status check successful: {
  status: 'online',
  timestamp: '2025-04-16T13:27:53.017Z',
  environment: 'production',
  apiKeyConfigured: true,
  version: '1.0.0'
}
2025-04-16 10:27:53: Proxying status request to http://localhost:56002/status { configuredUrl: 'http://localhost:56002' }
2025-04-16 10:27:53: Proxy attempt 1/3 to http://localhost:56002/status
2025-04-16 10:27:53: Status check successful: {
  status: 'online',
  timestamp: '2025-04-16T13:27:53.175Z',
  environment: 'production',
  apiKeyConfigured: true,
  version: '1.0.0'
}
2025-04-16 10:27:54: Proxying status request to http://localhost:56002/status { configuredUrl: 'http://localhost:56002' }
2025-04-16 10:27:54: Proxy attempt 1/3 to http://localhost:56002/status
2025-04-16 10:27:54: Status check successful: {
  status: 'online',
  timestamp: '2025-04-16T13:27:54.073Z',
  environment: 'production',
  apiKeyConfigured: true,
  version: '1.0.0'
}
2025-04-16 10:27:54: Proxying status request to http://localhost:56002/status { configuredUrl: 'http://localhost:56002' }
2025-04-16 10:27:54: Proxy attempt 1/3 to http://localhost:56002/status
2025-04-16 10:27:54: Status check successful: {
  status: 'online',
  timestamp: '2025-04-16T13:27:54.212Z',
  environment: 'production',
  apiKeyConfigured: true,
  version: '1.0.0'
}
2025-04-16 10:28:02: [API] Criando análise inicial: {
  id: 'fef31da6-2ab2-4e91-add6-2f5a41935958',
  extractionId: 'd5da2c08-fb80-4f40-8519-7a18d1030d8a',
  promptId: 'preset-summary',
  model: 'claude-3-7-sonnet-20250219',
  content: 'Analysis in progress...',
  analyzedAt: '2025-04-16T13:28:02.970Z',
  sessionId: '72dddc02-5ba2-4c10-ad8e-dd96f95b12f8'
}
2025-04-16 10:28:02: [API] Análise inicial salva em: /home/reader/htdocs/reader.dg5.com.br/data/analysis/fef31da6-2ab2-4e91-add6-2f5a41935958.json
2025-04-16 10:28:05: [API] Iniciando processamento assíncrono da análise: fef31da6-2ab2-4e91-add6-2f5a41935958
2025-04-16 10:28:05: [API] Conteúdo bruto da extração: {
  "id": "d5da2c08-fb80-4f40-8519-7a18d1030d8a",
  "documentId": "157c4dd5-e22e-4115-8f3f-fba1660ec74e",
  "content": "# Extração do Documento de Registro de Imóveis\n\n## Informações Gerais do Documento\n- **Tipo de documento**: Visualização de Matrícula\n- **Solicitado por**: COOPERATIVA RS/MG - CPF/CNPJ: ***.382.600-**\n- **Data**: 24/10/2023 12:13:43\n- **Valor**: R$ 23,50\n- **Observação**: PARA SIMPLES CONSULTA - NÃO VALE COMO CERTIDÃO\n\n## Matrícula 7.232\n- **Comarca**: JÚLIO DE CASTIL
2025-04-16 10:28:05: [Anthropic] Chamando modelo: claude-3-7-sonnet-20250219
2025-04-16 10:28:05: [Anthropic] Prompt: Extraia o conteúdo completo do documento, sem abreviações nem placeholders. O conteúdo precisa ser COMPLETO IPSIS LITTERIS.
2025-04-16 10:28:05: [Anthropic] Content: # Extração do Documento de Registro de Imóveis

## Informações Gerais do Documento
- **Tipo de documento**: Visualização de Matrícula
- **Solicitado por**: COOPERATIVA RS/MG - CPF/CNPJ: ***.382.600-**
- **Data**: 24/10/2023 12:13:43
- **Valor**: R$ 23,50
- **Observação**: PARA SIMPLES CONSULTA - NÃO
2025-04-16 10:36:48:    ▲ Next.js 14.0.3
2025-04-16 10:36:48:    - Local:        http://localhost:55000
2025-04-16 10:36:48: 
2025-04-16 10:36:49:  ✓ Ready in 940ms
2025-04-16 10:36:51: Proxying status request to http://localhost:56002/status { configuredUrl: 'http://localhost:56002' }
2025-04-16 10:36:51: Proxy attempt 1/3 to http://localhost:56002/status
2025-04-16 10:36:51: Status check successful: {
  status: 'online',
  timestamp: '2025-04-16T13:36:51.734Z',
  environment: 'production',
  apiKeyConfigured: true,
  version: '1.0.0'
}
2025-04-16 10:36:51: Proxying status request to http://localhost:56002/status { configuredUrl: 'http://localhost:56002' }
2025-04-16 10:36:51: Proxy attempt 1/3 to http://localhost:56002/status
2025-04-16 10:36:51: Status check successful: {
  status: 'online',
  timestamp: '2025-04-16T13:36:51.867Z',
  environment: 'production',
  apiKeyConfigured: true,
  version: '1.0.0'
}
2025-04-16 10:37:15: Proxying status request to http://localhost:56002/status { configuredUrl: 'http://localhost:56002' }
2025-04-16 10:37:15: Proxy attempt 1/3 to http://localhost:56002/status
2025-04-16 10:37:15: Status check successful: {
  status: 'online',
  timestamp: '2025-04-16T13:37:15.150Z',
  environment: 'production',
  apiKeyConfigured: true,
  version: '1.0.0'
}
2025-04-16 10:37:37: Proxying extract-pdf request to http://localhost:56002/extract-pdf { configuredUrl: 'http://localhost:56002' }
2025-04-16 10:37:37: Processing file: MAT_ 31861.pdf, type: application/pdf, size: 125381 bytes
2025-04-16 10:37:37: Custom prompt included in request
2025-04-16 10:37:37: OCR processing enabled
2025-04-16 10:37:37: Proxy attempt 1/3 to http://localhost:56002/extract-pdf
2025-04-16 10:38:18: PDF extraction successful
2025-04-16 10:39:21: [API] Criando análise inicial: {
  id: 'fbb381a0-c75c-471f-bc2b-32879a64122c',
  extractionId: 'a3681267-eb0f-4f9a-a1d5-85bd297defc5',
  promptId: 'preset-summary',
  model: 'o3-mini',
  content: 'Analysis in progress...',
  analyzedAt: '2025-04-16T13:39:21.859Z',
  sessionId: '147bdd76-67e1-4d69-967e-2637740189f0'
}
2025-04-16 10:39:21: [API] Análise inicial salva em: /home/reader/htdocs/reader.dg5.com.br/data/analysis/fbb381a0-c75c-471f-bc2b-32879a64122c.json
2025-04-16 10:39:24: [API] Criando análise inicial: {
  id: 'ad7a9210-7f06-48fc-9916-468f0c4b02a5',
  extractionId: 'a3681267-eb0f-4f9a-a1d5-85bd297defc5',
  promptId: 'preset-summary',
  model: 'o3-mini',
  content: 'Analysis in progress...',
  analyzedAt: '2025-04-16T13:39:24.413Z',
  sessionId: '147bdd76-67e1-4d69-967e-2637740189f0'
}
2025-04-16 10:39:24: [API] Análise inicial salva em: /home/reader/htdocs/reader.dg5.com.br/data/analysis/ad7a9210-7f06-48fc-9916-468f0c4b02a5.json
2025-04-16 10:39:24: [API] Iniciando processamento assíncrono da análise: fbb381a0-c75c-471f-bc2b-32879a64122c
2025-04-16 10:39:24: [API] Conteúdo bruto da extração: {
  "id": "a3681267-eb0f-4f9a-a1d5-85bd297defc5",
  "documentId": "bcd42fea-8d1f-4c53-b0d0-25ea1c4d6162",
  "content": "# EXTRAÇÃO DE DOCUMENTO DE REGISTRO DE IMÓVEL - MATRÍCULA Nº 31.861\n\n## Informações Gerais do Documento\n- **Órgão Emissor**: OFÍCIO DO REGISTRO DE IMÓVEIS DE SANTIAGO\n- **Estado**: RIO GRANDE DO SUL\n- **Registradora Interina**: Venuska Telo de Lima Ruffo\n- **Código Nacional de Matrícula (CNM)**: 099341.2.0031861-34\n- **Data da Certidão**: 23 de janeiro de 2025\n\n## Desc
2025-04-16 10:39:24: [OpenAI] Chamando modelo: o3-mini
2025-04-16 10:39:24: [OpenAI] Prompt: Extraia o conteúdo completo do documento, sem abreviações nem placeholders. O conteúdo precisa ser COMPLETO IPSIS LITTERIS.
2025-04-16 10:39:24: [OpenAI] Content: # EXTRAÇÃO DE DOCUMENTO DE REGISTRO DE IMÓVEL - MATRÍCULA Nº 31.861

## Informações Gerais do Documento
- **Órgão Emissor**: OFÍCIO DO REGISTRO DE IMÓVEIS DE SANTIAGO
- **Estado**: RIO GRANDE DO SUL
- **Registradora Interina**: Venuska Telo de Lima Ruffo
- **Código Nacional de Matrícula (CNM)**: 099
2025-04-16 10:39:27: [API] Iniciando processamento assíncrono da análise: ad7a9210-7f06-48fc-9916-468f0c4b02a5
2025-04-16 10:39:27: [API] Conteúdo bruto da extração: {
  "id": "a3681267-eb0f-4f9a-a1d5-85bd297defc5",
  "documentId": "bcd42fea-8d1f-4c53-b0d0-25ea1c4d6162",
  "content": "# EXTRAÇÃO DE DOCUMENTO DE REGISTRO DE IMÓVEL - MATRÍCULA Nº 31.861\n\n## Informações Gerais do Documento\n- **Órgão Emissor**: OFÍCIO DO REGISTRO DE IMÓVEIS DE SANTIAGO\n- **Estado**: RIO GRANDE DO SUL\n- **Registradora Interina**: Venuska Telo de Lima Ruffo\n- **Código Nacional de Matrícula (CNM)**: 099341.2.0031861-34\n- **Data da Certidão**: 23 de janeiro de 2025\n\n## Desc
2025-04-16 10:39:27: [OpenAI] Chamando modelo: o3-mini
2025-04-16 10:39:27: [OpenAI] Prompt: Extraia o conteúdo completo do documento, sem abreviações nem placeholders. O conteúdo precisa ser COMPLETO IPSIS LITTERIS.
2025-04-16 10:39:27: [OpenAI] Content: # EXTRAÇÃO DE DOCUMENTO DE REGISTRO DE IMÓVEL - MATRÍCULA Nº 31.861

## Informações Gerais do Documento
- **Órgão Emissor**: OFÍCIO DO REGISTRO DE IMÓVEIS DE SANTIAGO
- **Estado**: RIO GRANDE DO SUL
- **Registradora Interina**: Venuska Telo de Lima Ruffo
- **Código Nacional de Matrícula (CNM)**: 099
2025-04-16 10:39:41: [OpenAI] Resposta bruta: {"id":"chatcmpl-BMxH4DZMWZ6dTDKx3sOKRjZDQoKC4","object":"chat.completion","created":1744810766,"model":"o3-mini-2025-01-31","choices":[{"index":0,"message":{"role":"assistant","content":"Segue o conteúdo completo do documento, extraído IPSIS LITTERIS:\n\n------------------------------------------------------------\n\nEXTRAÇÃO DE DOCUMENTO DE REGISTRO DE IMÓVEL - MATRÍCULA Nº 31.861\n\nInformações Gerais do Documento\nÓrgão Emissor: OFÍCIO DO REGISTRO DE IMÓVEIS DE SANTIAGO\nEstado: RIO GRANDE DO SUL\nRegistradora Interina: Venuska Telo de Lima Ruffo\nCódigo Nacional de Matrícula (CNM): 099341.2.0031861-34\nData da Certidão: 23 de janeiro de 2025\n\nDescrição do Imóvel\nUm prédio de alvenaria e o respectivo terreno situado na cidade de Santiago na rua Pinheiro Machado esquina com a rua José Piva, antiga 3 de outubro, com as seguintes medidas:\nFrente (Rua Pinheiro Machado): 13,80m\nLado esquerdo (Rua José Piva): 23,00m\nLado direito (confrontante José Edgar Martins da Tornada): 23,00m\nFundos (confrontante Antônio Valério Martins da Rosa): 13,80m\nÁrea total do terreno: 316,40m²\nEndereço atual: Rua Pinheiro Machado, nº 1225, bairro centro\n\nHistórico de Proprietários e Transações\n\nProprietários Originais (Matrícula em 15/05/1996)\n1. FLORENCIO RIBEIRO e s/m IDA SOARES RIBEIRO\n2. MARIO SOARES MACHADO e s/m DOROTHIL FLORES MACHADO\n3. EVANDRO FAGUNDES BELTRÃO e s/m JOANA SOARES BELTRÃO\n4. ANGONY TARRAGO BECCON e s/m LENIRA SOARES BECCON\n\nR.1-31.861 (15/05/1996) - COMPRA E VENDA\nTransmitentes: Os proprietários originais acima\nAdquirente: ALFEU BONATO GUERRA casado com ELAINE DA LUZ GUERRA\nValor: R$ 15.000,00\nForma: Escritura pública de 14/05/1996\n\nAv.2-31.861 (19/06/1996) - ÁREA\nCertificação de que o prédio possui área de 153,05m²\nValor venal tributário: R$ 29.011,95\nPrédio construído anterior ao ano de 1986\n\nAv.3-31.861 (15/01/1997) - AUMENTO DE ÁREA\nAcréscimo em alvenaria: 35,42m²\nÁrea total construída: 188,47m²\nValor venal tributável: R$ 39.585,65\n\nR.4-31.861 (12/03/2008) - COMPRA E VENDA DA NUA PROPRIEDADE\nTransmitentes: ALFEU BONATO GUERRA e s/m ELAINE DA LUZ GUERRA\nAdquirente: TATIANE SANTOS DA SILVA\nValor: R$ 20.000,00 (fiscal: R$ 20.350,00)\nForma: Escritura pública de 03/03/1999\n\nR.5-31.861 (12/03/2008) - COMPRA E VENDA DO USUFRUTO\nTransmitentes: ALFEU BONATO GUERRA e s/m ELAINE DA LUZ GUERRA\nAdquirentes: JOÃO ALBERTO CORREA DA SILVA e s/m HONORINA SANTOS DA SILVA\nValor: R$ 20.000,00 (fiscal: R$ 20.350,00)\n\nAv.6-31.861 (12/03/2008) - ÓBITO\nFalecimento do usufrutuário JOÃO ALBERTO CORREA DA SILVA\nCertidão de óbito expedida em 26/11/2007\n\nAv.7-31.861 (12/03/2008) - RENÚNCIA DE USUFRUTO\nUsufrutuária HONORINA SANTOS DA SILVA renunciou ao usufruto\nEscritura Pública de 07/03/2008\nValor: R$ 70.500,00\n\nAv.8-31.861 (19/01/2016) - ALTERAÇÃO DE NOME\nRetificação do nome da adquirente para TATIANE SANTOS DA SILVA CORREA\n\nAv.9-31.861 (26/04/2016) - AMPLIAÇÃO\nAmpliação de 70,54m²\nÁrea total construída: 259,01m²\nValor venal tributável: R$ 185.047,38\n\nR.10-31.861 (28/06/2017) - COMPRA E VENDA\nTransmitente: TATIANE SANTOS DA SILVA CORRÊA\nAdquirente: LIRIO WEGNER casado com JOSI ANE CORREA WEGNER\nValores: R$150.000,00 (entre partes), R$190.000,00 (fiscal), R$207.689,00 (conforme provimento 62/94-CGJ)\nForma: Escritura Pública de 28/06/2016\n\nR.11-31.861 (08/10/2018) - HIPOTECA\nCredora: COOPERATIVA DE CRÉDITO DE LIVRE ADMISSÃO DE ASSOCIADOS VALE DO JAGUARI- SICREDI VALE DO JAGUARI\nEmitente: LIRIO WEGNER\nAvalista: JOSE IVO CORREA WEGNER\nInterveniente Garante: JOSI ANE CORREA WEGNER\nValor da Dívida: R$109.929,00\nVencimento: 10/10/2020\n\nR.12-31.861 (26/08/2020) - HIPOTECA\nCredora: COOPERATIVA DE CRÉDITO POU. E INVESTIMENTO VALE DO JAGUARI E ZONA DA MATA SICREDI VALE DO JAGUARI E ZONA DA MATA RS/MG\nEmitente: ALTAMIR MACHADO CORREA\nAvalistas: LIRIO WEGNER, JOSI ANE CORREA WEGNER e ALTAMIR MACHADO CORREA\nValor da Dívida: R$65.000,00\nVencimento: 13/08/2023\n\nAv.13-31.861 (16/10/2020) - CANCELAMENTO\nCancelamento do registro R.11-31.861 (hipoteca)\n\nAv.14-31.861 (02/01/2023) - CÓDIGO NACIONAL DE MATRÍCULA\nCNM: 09934.2.0031861-69\n\nAv.15-31.861 (04/03/2024) - CANCELAMENTO\nCancelamento do registro R.12-31.861 (hipoteca)\n\nAv.16-31.861 (04/03/2024) - CÓDIGO NACIONAL DE MATRÍCULA\nCNM atualizado: 099341.2.0031861-34\n\nInformações Adicionais\nDocumento emitido em: 23/01/2025, às 15:36:06\nTotal: R$82,20\nAssinado por: Izabella Martins de Figueiredo (Escrevente Autorizada)\nEndereço do Cartório: Rua Bento Gonçalves, 1823 - sala 06 - Centro - CEP: 97.770-000\n\n------------------------------------------------------------\n\nEste é o documento na íntegra, conforme solicitado.","refusal":null,"annotations":[]},"finish_reason":"stop"}],"usage":{"prompt_tokens":1807,"completion_tokens":2303,"total_tokens":4110,"prompt_tokens_details":{"cached_tokens":0,"audio_tokens":0},"completion_tokens_details":{"reasoning_tokens":640,"audio_tokens":0,"accepted_prediction_tokens":0,"rejected_prediction_tokens":0}},"service_tier":"default","system_fingerprint":"fp_617f206dd9"}
2025-04-16 10:39:41: [API] Análise concluída para fbb381a0-c75c-471f-bc2b-32879a64122c
2025-04-16 10:39:41: [OpenAI] Resposta bruta: {"id":"chatcmpl-BMxH5MhSlONnqkQ6EYpUjPVVyMJuk","object":"chat.completion","created":1744810767,"model":"o3-mini-2025-01-31","choices":[{"index":0,"message":{"role":"assistant","content":"Segue abaixo o conteúdo completo do documento, exatamente como fornecido:\n\n# EXTRAÇÃO DE DOCUMENTO DE REGISTRO DE IMÓVEL - MATRÍCULA Nº 31.861\n\n## Informações Gerais do Documento\n- **Órgão Emissor**: OFÍCIO DO REGISTRO DE IMÓVEIS DE SANTIAGO\n- **Estado**: RIO GRANDE DO SUL\n- **Registradora Interina**: Venuska Telo de Lima Ruffo\n- **Código Nacional de Matrícula (CNM)**: 099341.2.0031861-34\n- **Data da Certidão**: 23 de janeiro de 2025\n\n## Descrição do Imóvel\nUm prédio de alvenaria e o respectivo terreno situado na cidade de Santiago na rua Pinheiro Machado esquina com a rua José Piva, antiga 3 de outubro, com as seguintes medidas:\n- **Frente (Rua Pinheiro Machado)**: 13,80m\n- **Lado esquerdo (Rua José Piva)**: 23,00m\n- **Lado direito (confrontante José Edgar Martins da Tornada)**: 23,00m\n- **Fundos (confrontante Antônio Valério Martins da Rosa)**: 13,80m\n- **Área total do terreno**: 316,40m²\n- **Endereço atual**: Rua Pinheiro Machado, nº 1225, bairro centro\n\n## Histórico de Proprietários e Transações\n\n### Proprietários Originais (Matrícula em 15/05/1996)\n1. FLORENCIO RIBEIRO e s/m IDA SOARES RIBEIRO\n2. MARIO SOARES MACHADO e s/m DOROTHIL FLORES MACHADO\n3. EVANDRO FAGUNDES BELTRÃO e s/m JOANA SOARES BELTRÃO\n4. ANGONY TARRAGO BECCON e s/m LENIRA SOARES BECCON\n\n### R.1-31.861 (15/05/1996) - COMPRA E VENDA\n- **Transmitentes**: Os proprietários originais acima\n- **Adquirente**: ALFEU BONATO GUERRA casado com ELAINE DA LUZ GUERRA\n- **Valor**: R$ 15.000,00\n- **Forma**: Escritura pública de 14/05/1996\n\n### Av.2-31.861 (19/06/1996) - ÁREA\n- Certificação de que o prédio possui área de 153,05m²\n- Valor venal tributário: R$ 29.011,95\n- Prédio construído anterior ao ano de 1986\n\n### Av.3-31.861 (15/01/1997) - AUMENTO DE ÁREA\n- Acréscimo em alvenaria: 35,42m²\n- Área total construída: 188,47m²\n- Valor venal tributável: R$ 39.585,65\n\n### R.4-31.861 (12/03/2008) - COMPRA E VENDA DA NUA PROPRIEDADE\n- **Transmitentes**: ALFEU BONATO GUERRA e s/m ELAINE DA LUZ GUERRA\n- **Adquirente**: TATIANE SANTOS DA SILVA\n- **Valor**: R$ 20.000,00 (fiscal: R$ 20.350,00)\n- **Forma**: Escritura pública de 03/03/1999\n\n### R.5-31.861 (12/03/2008) - COMPRA E VENDA DO USUFRUTO\n- **Transmitentes**: ALFEU BONATO GUERRA e s/m ELAINE DA LUZ GUERRA\n- **Adquirentes**: JOÃO ALBERTO CORREA DA SILVA e s/m HONORINA SANTOS DA SILVA\n- **Valor**: R$ 20.000,00 (fiscal: R$ 20.350,00)\n\n### Av.6-31.861 (12/03/2008) - ÓBITO\n- Falecimento do usufrutuário JOÃO ALBERTO CORREA DA SILVA\n- Certidão de óbito expedida em 26/11/2007\n\n### Av.7-31.861 (12/03/2008) - RENÚNCIA DE USUFRUTO\n- Usufrutuária HONORINA SANTOS DA SILVA renunciou ao usufruto\n- Escritura Pública de 07/03/2008\n- Valor: R$ 70.500,00\n\n### Av.8-31.861 (19/01/2016) - ALTERAÇÃO DE NOME\n- Retificação do nome da adquirente para TATIANE SANTOS DA SILVA CORREA\n\n### Av.9-31.861 (26/04/2016) - AMPLIAÇÃO\n- Ampliação de 70,54m²\n- Área total construída: 259,01m²\n- Valor venal tributável: R$ 185.047,38\n\n### R.10-31.861 (28/06/2017) - COMPRA E VENDA\n- **Transmitente**: TATIANE SANTOS DA SILVA CORRÊA\n- **Adquirente**: LIRIO WEGNER casado com JOSI ANE CORREA WEGNER\n- **Valores**: R$150.000,00 (entre partes), R$190.000,00 (fiscal), R$207.689,00 (conforme provimento 62/94-CGJ)\n- **Forma**: Escritura Pública de 28/06/2016\n\n### R.11-31.861 (08/10/2018) - HIPOTECA\n- **Credora**: COOPERATIVA DE CRÉDITO DE LIVRE ADMISSÃO DE ASSOCIADOS VALE DO JAGUARI- SICREDI VALE DO JAGUARI\n- **Emitente**: LIRIO WEGNER\n- **Avalista**: JOSE IVO CORREA WEGNER\n- **Interveniente Garante**: JOSI ANE CORREA WEGNER\n- **Valor da Dívida**: R$109.929,00\n- **Vencimento**: 10/10/2020\n\n### R.12-31.861 (26/08/2020) - HIPOTECA\n- **Credora**: COOPERATIVA DE CRÉDITO POU. E INVESTIMENTO VALE DO JAGUARI E ZONA DA MATA SICREDI VALE DO JAGUARI E ZONA DA MATA RS/MG\n- **Emitente**: ALTAMIR MACHADO CORREA\n- **Avalistas**: LIRIO WEGNER, JOSI ANE CORREA WEGNER e ALTAMIR MACHADO CORREA\n- **Valor da Dívida**: R$65.000,00\n- **Vencimento**: 13/08/2023\n\n### Av.13-31.861 (16/10/2020) - CANCELAMENTO\n- Cancelamento do registro R.11-31.861 (hipoteca)\n\n### Av.14-31.861 (02/01/2023) - CÓDIGO NACIONAL DE MATRÍCULA\n- CNM: 09934.2.0031861-69\n\n### Av.15-31.861 (04/03/2024) - CANCELAMENTO\n- Cancelamento do registro R.12-31.861 (hipoteca)\n\n### Av.16-31.861 (04/03/2024) - CÓDIGO NACIONAL DE MATRÍCULA\n- CNM atualizado: 099341.2.0031861-34\n\n## Informações Adicionais\n- Documento emitido em: 23/01/2025, às 15:36:06\n- Total: R$82,20\n- Assinado por: Izabella Martins de Figueiredo (Escrevente Autorizada)\n- Endereço do Cartório: Rua Bento Gonçalves, 1823 - sala 06 - Centro - CEP: 97.770-000","refusal":null,"annotations":[]},"finish_reason":"stop"}],"usage":{"prompt_tokens":1807,"completion_tokens":2179,"total_tokens":3986,"prompt_tokens_details":{"cached_tokens":1664,"audio_tokens":0},"completion_tokens_details":{"reasoning_tokens":384,"audio_tokens":0,"accepted_prediction_tokens":0,"rejected_prediction_tokens":0}},"service_tier":"default","system_fingerprint":"fp_617f206dd9"}
2025-04-16 10:39:41: [API] Análise concluída para ad7a9210-7f06-48fc-9916-468f0c4b02a5
2025-04-16 10:41:40: Proxying status request to http://localhost:56002/status { configuredUrl: 'http://localhost:56002' }
2025-04-16 10:41:40: Proxy attempt 1/3 to http://localhost:56002/status
2025-04-16 10:41:40: Status check successful: {
  status: 'online',
  timestamp: '2025-04-16T13:41:40.575Z',
  environment: 'production',
  apiKeyConfigured: true,
  version: '1.0.0'
}
2025-04-16 10:41:40: Proxying status request to http://localhost:56002/status { configuredUrl: 'http://localhost:56002' }
2025-04-16 10:41:40: Proxy attempt 1/3 to http://localhost:56002/status
2025-04-16 10:41:40: Status check successful: {
  status: 'online',
  timestamp: '2025-04-16T13:41:40.754Z',
  environment: 'production',
  apiKeyConfigured: true,
  version: '1.0.0'
}
2025-04-16 10:43:07: Proxying status request to http://localhost:56002/status { configuredUrl: 'http://localhost:56002' }
2025-04-16 10:43:07: Proxy attempt 1/3 to http://localhost:56002/status
2025-04-16 10:43:07: Status check successful: {
  status: 'online',
  timestamp: '2025-04-16T13:43:07.384Z',
  environment: 'production',
  apiKeyConfigured: true,
  version: '1.0.0'
}
2025-04-16 10:45:43: [API] Criando análise inicial: {
  id: '2c1eea50-a3cd-42ac-b56a-b7b9e9c46fc9',
  extractionId: 'a3681267-eb0f-4f9a-a1d5-85bd297defc5',
  promptId: 'preset-data',
  model: 'o3-mini',
  content: 'Analysis in progress...',
  analyzedAt: '2025-04-16T13:45:43.189Z',
  sessionId: '147bdd76-67e1-4d69-967e-2637740189f0'
}
2025-04-16 10:45:43: [API] Análise inicial salva em: /home/reader/htdocs/reader.dg5.com.br/data/analysis/2c1eea50-a3cd-42ac-b56a-b7b9e9c46fc9.json
2025-04-16 10:45:46: [API] Iniciando processamento assíncrono da análise: 2c1eea50-a3cd-42ac-b56a-b7b9e9c46fc9
2025-04-16 10:45:46: [API] Conteúdo bruto da extração: {
  "id": "a3681267-eb0f-4f9a-a1d5-85bd297defc5",
  "documentId": "bcd42fea-8d1f-4c53-b0d0-25ea1c4d6162",
  "content": "# EXTRAÇÃO DE DOCUMENTO DE REGISTRO DE IMÓVEL - MATRÍCULA Nº 31.861\n\n## Informações Gerais do Documento\n- **Órgão Emissor**: OFÍCIO DO REGISTRO DE IMÓVEIS DE SANTIAGO\n- **Estado**: RIO GRANDE DO SUL\n- **Registradora Interina**: Venuska Telo de Lima Ruffo\n- **Código Nacional de Matrícula (CNM)**: 099341.2.0031861-34\n- **Data da Certidão**: 23 de janeiro de 2025\n\n## Desc
2025-04-16 10:45:46: [OpenAI] Chamando modelo: o3-mini
2025-04-16 10:45:46: [OpenAI] Prompt: Extraia o conteúdo completo do documento, sem abreviações nem placeholders. O conteúdo precisa ser COMPLETO IPSIS LITTERIS.
2025-04-16 10:45:46: [OpenAI] Content: # EXTRAÇÃO DE DOCUMENTO DE REGISTRO DE IMÓVEL - MATRÍCULA Nº 31.861

## Informações Gerais do Documento
- **Órgão Emissor**: OFÍCIO DO REGISTRO DE IMÓVEIS DE SANTIAGO
- **Estado**: RIO GRANDE DO SUL
- **Registradora Interina**: Venuska Telo de Lima Ruffo
- **Código Nacional de Matrícula (CNM)**: 099
2025-04-16 10:46:11: [OpenAI] Resposta bruta: {"id":"chatcmpl-BMxNCjsUrS52I3hvh2LBumPyQPUPm","object":"chat.completion","created":1744811146,"model":"o3-mini-2025-01-31","choices":[{"index":0,"message":{"role":"assistant","content":"Segue o conteúdo completo do documento, ipsis litteris, conforme fornecido:\n\n# EXTRAÇÃO DE DOCUMENTO DE REGISTRO DE IMÓVEL - MATRÍCULA Nº 31.861\n\n## Informações Gerais do Documento\n- Órgão Emissor: OFÍCIO DO REGISTRO DE IMÓVEIS DE SANTIAGO\n- Estado: RIO GRANDE DO SUL\n- Registradora Interina: Venuska Telo de Lima Ruffo\n- Código Nacional de Matrícula (CNM): 099341.2.0031861-34\n- Data da Certidão: 23 de janeiro de 2025\n\n## Descrição do Imóvel\nUm prédio de alvenaria e o respectivo terreno situado na cidade de Santiago na rua Pinheiro Machado esquina com a rua José Piva, antiga 3 de outubro, com as seguintes medidas:\n- Frente (Rua Pinheiro Machado): 13,80m\n- Lado esquerdo (Rua José Piva): 23,00m\n- Lado direito (confrontante José Edgar Martins da Tornada): 23,00m\n- Fundos (confrontante Antônio Valério Martins da Rosa): 13,80m\n- Área total do terreno: 316,40m²\n- Endereço atual: Rua Pinheiro Machado, nº 1225, bairro centro\n\n## Histórico de Proprietários e Transações\n\n### Proprietários Originais (Matrícula em 15/05/1996)\n1. FLORENCIO RIBEIRO e s/m IDA SOARES RIBEIRO\n2. MARIO SOARES MACHADO e s/m DOROTHIL FLORES MACHADO\n3. EVANDRO FAGUNDES BELTRÃO e s/m JOANA SOARES BELTRÃO\n4. ANGONY TARRAGO BECCON e s/m LENIRA SOARES BECCON\n\n### R.1-31.861 (15/05/1996) - COMPRA E VENDA\n- Transmitentes: Os proprietários originais acima\n- Adquirente: ALFEU BONATO GUERRA casado com ELAINE DA LUZ GUERRA\n- Valor: R$ 15.000,00\n- Forma: Escritura pública de 14/05/1996\n\n### Av.2-31.861 (19/06/1996) - ÁREA\n- Certificação de que o prédio possui área de 153,05m²\n- Valor venal tributário: R$ 29.011,95\n- Prédio construído anterior ao ano de 1986\n\n### Av.3-31.861 (15/01/1997) - AUMENTO DE ÁREA\n- Acréscimo em alvenaria: 35,42m²\n- Área total construída: 188,47m²\n- Valor venal tributável: R$ 39.585,65\n\n### R.4-31.861 (12/03/2008) - COMPRA E VENDA DA NUA PROPRIEDADE\n- Transmitentes: ALFEU BONATO GUERRA e s/m ELAINE DA LUZ GUERRA\n- Adquirente: TATIANE SANTOS DA SILVA\n- Valor: R$ 20.000,00 (fiscal: R$ 20.350,00)\n- Forma: Escritura pública de 03/03/1999\n\n### R.5-31.861 (12/03/2008) - COMPRA E VENDA DO USUFRUTO\n- Transmitentes: ALFEU BONATO GUERRA e s/m ELAINE DA LUZ GUERRA\n- Adquirentes: JOÃO ALBERTO CORREA DA SILVA e s/m HONORINA SANTOS DA SILVA\n- Valor: R$ 20.000,00 (fiscal: R$ 20.350,00)\n\n### Av.6-31.861 (12/03/2008) - ÓBITO\n- Falecimento do usufrutuário JOÃO ALBERTO CORREA DA SILVA\n- Certidão de óbito expedida em 26/11/2007\n\n### Av.7-31.861 (12/03/2008) - RENÚNCIA DE USUFRUTO\n- Usufrutuária HONORINA SANTOS DA SILVA renunciou ao usufruto\n- Escritura Pública de 07/03/2008\n- Valor: R$ 70.500,00\n\n### Av.8-31.861 (19/01/2016) - ALTERAÇÃO DE NOME\n- Retificação do nome da adquirente para TATIANE SANTOS DA SILVA CORREA\n\n### Av.9-31.861 (26/04/2016) - AMPLIAÇÃO\n- Ampliação de 70,54m²\n- Área total construída: 259,01m²\n- Valor venal tributável: R$ 185.047,38\n\n### R.10-31.861 (28/06/2017) - COMPRA E VENDA\n- Transmitente: TATIANE SANTOS DA SILVA CORRÊA\n- Adquirente: LIRIO WEGNER casado com JOSI ANE CORREA WEGNER\n- Valores: R$150.000,00 (entre partes), R$190.000,00 (fiscal), R$207.689,00 (conforme provimento 62/94-CGJ)\n- Forma: Escritura Pública de 28/06/2016\n\n### R.11-31.861 (08/10/2018) - HIPOTECA\n- Credora: COOPERATIVA DE CRÉDITO DE LIVRE ADMISSÃO DE ASSOCIADOS VALE DO JAGUARI- SICREDI VALE DO JAGUARI\n- Emitente: LIRIO WEGNER\n- Avalista: JOSE IVO CORREA WEGNER\n- Interveniente Garante: JOSI ANE CORREA WEGNER\n- Valor da Dívida: R$109.929,00\n- Vencimento: 10/10/2020\n\n### R.12-31.861 (26/08/2020) - HIPOTECA\n- Credora: COOPERATIVA DE CRÉDITO POU. E INVESTIMENTO VALE DO JAGUARI E ZONA DA MATA SICREDI VALE DO JAGUARI E ZONA DA MATA RS/MG\n- Emitente: ALTAMIR MACHADO CORREA\n- Avalistas: LIRIO WEGNER, JOSI ANE CORREA WEGNER e ALTAMIR MACHADO CORREA\n- Valor da Dívida: R$65.000,00\n- Vencimento: 13/08/2023\n\n### Av.13-31.861 (16/10/2020) - CANCELAMENTO\n- Cancelamento do registro R.11-31.861 (hipoteca)\n\n### Av.14-31.861 (02/01/2023) - CÓDIGO NACIONAL DE MATRÍCULA\n- CNM: 09934.2.0031861-69\n\n### Av.15-31.861 (04/03/2024) - CANCELAMENTO\n- Cancelamento do registro R.12-31.861 (hipoteca)\n\n### Av.16-31.861 (04/03/2024) - CÓDIGO NACIONAL DE MATRÍCULA\n- CNM atualizado: 099341.2.0031861-34\n\n## Informações Adicionais\n- Documento emitido em: 23/01/2025, às 15:36:06\n- Total: R$82,20\n- Assinado por: Izabella Martins de Figueiredo (Escrevente Autorizada)\n- Endereço do Cartório: Rua Bento Gonçalves, 1823 - sala 06 - Centro - CEP: 97.770-000","refusal":null,"annotations":[]},"finish_reason":"stop"}],"usage":{"prompt_tokens":1807,"completion_tokens":2110,"total_tokens":3917,"prompt_tokens_details":{"cached_tokens":1664,"audio_tokens":0},"completion_tokens_details":{"reasoning_tokens":384,"audio_tokens":0,"accepted_prediction_tokens":0,"rejected_prediction_tokens":0}},"service_tier":"default","system_fingerprint":"fp_617f206dd9"}
2025-04-16 10:46:11: [API] Análise concluída para 2c1eea50-a3cd-42ac-b56a-b7b9e9c46fc9
2025-04-16 10:47:38:    ▲ Next.js 14.0.3
2025-04-16 10:47:38:    - Local:        http://localhost:55000
2025-04-16 10:47:38: 
2025-04-16 10:47:39:  ✓ Ready in 429ms
2025-04-16 10:48:00: [API] Criando análise inicial: {
  id: '07a43008-e670-4499-b734-4473ba4c4a51',
  extractionId: 'd5da2c08-fb80-4f40-8519-7a18d1030d8a',
  promptId: 'preset-summary',
  model: 'o3-mini',
  content: 'Analysis in progress...',
  analyzedAt: '2025-04-16T13:48:00.679Z',
  sessionId: '72dddc02-5ba2-4c10-ad8e-dd96f95b12f8'
}
2025-04-16 10:48:00: [API] Análise inicial salva em: /home/reader/htdocs/reader.dg5.com.br/data/analysis/07a43008-e670-4499-b734-4473ba4c4a51.json
2025-04-16 10:48:03: [API] Iniciando processamento assíncrono da análise: 07a43008-e670-4499-b734-4473ba4c4a51
2025-04-16 10:48:03: [API] Conteúdo bruto da extração: {
  "id": "d5da2c08-fb80-4f40-8519-7a18d1030d8a",
  "documentId": "157c4dd5-e22e-4115-8f3f-fba1660ec74e",
  "content": "# Extração do Documento de Registro de Imóveis\n\n## Informações Gerais do Documento\n- **Tipo de documento**: Visualização de Matrícula\n- **Solicitado por**: COOPERATIVA RS/MG - CPF/CNPJ: ***.382.600-**\n- **Data**: 24/10/2023 12:13:43\n- **Valor**: R$ 23,50\n- **Observação**: PARA SIMPLES CONSULTA - NÃO VALE COMO CERTIDÃO\n\n## Matrícula 7.232\n- **Comarca**: JÚLIO DE CASTIL
2025-04-16 10:48:03: [OpenAI] Chamando modelo: o3-mini
2025-04-16 10:48:03: [OpenAI] Prompt: Extraia o conteúdo completo do documento, sem abreviações nem placeholders. O conteúdo precisa ser COMPLETO IPSIS LITTERIS.
2025-04-16 10:48:03: [OpenAI] Content: # Extração do Documento de Registro de Imóveis

## Informações Gerais do Documento
- **Tipo de documento**: Visualização de Matrícula
- **Solicitado por**: COOPERATIVA RS/MG - CPF/CNPJ: ***.382.600-**
- **Data**: 24/10/2023 12:13:43
- **Valor**: R$ 23,50
- **Observação**: PARA SIMPLES CONSULTA - NÃO
2025-04-16 10:48:51: [OpenAI] Resposta bruta: {"id":"chatcmpl-BMxPQdLRgLIJ9WyT2FjjMzgOA0NOT","object":"chat.completion","created":1744811284,"model":"o3-mini-2025-01-31","choices":[{"index":0,"message":{"role":"assistant","content":"Segue abaixo o conteúdo completo do documento, extraído ipsis litteris:\n\n--------------------------------------------------------------------------------\n# Extração do Documento de Registro de Imóveis\n\n## Informações Gerais do Documento\n- **Tipo de documento**: Visualização de Matrícula\n- **Solicitado por**: COOPERATIVA RS/MG - CPF/CNPJ: ***.382.600-**\n- **Data**: 24/10/2023 12:13:43\n- **Valor**: R$ 23,50\n- **Observação**: PARA SIMPLES CONSULTA - NÃO VALE COMO CERTIDÃO\n\n## Matrícula 7.232\n- **Comarca**: JÚLIO DE CASTILHOS\n- **Livro Nº 2 — REGISTRO GERAL**\n\n### Registro Inicial (07/11/1986)\n**Imóvel**: Uma fração de terras, situada no lugar denominado São Pedro - distrito da sede, município de Júlio de Castilhos-RS, com a área de 22,53,25,44ha (vinte e dois hectares, cinquenta e três ares, vinte e cinco centiares e quarenta e quatro deciares), com as seguintes confrontações: ao NORTE, com terras da sucessão de Aquiles Varone; ao SUL, com terras de José Rosa Mainherich; ao LESTE, com a estrada de ferro e com a estrada geral que vai desta Cidade a Tupanciretã e ao OESTE, com terras de Nelson Leal.\n**Proprietário**: Não tem.\n**Origem**: Não tem.\n**Valor**: Cz$21,00.\n\n### R.1/7.232 - USUCAPIÃO (07/11/1986)\nConforme Mandado Judicial expedido em 29 de julho de 1986, assinado pelo Juiz de Direito desta Comarca - doutor Lívio Paulo Susin, extraído dos autos da Ação de Usucapião número 4712-130, julgada em 22 de maio de 1986, transitada em julgado em 28 de julho de 1986, o imóvel acima matriculado foi usucapido por:\n- MARLENE TERESINHA VARONE BRUM, brasileira, casada, CPF/MF 045 431 300/49\n- LUIZ EMILIANO SOARES VARONE, brasileiro, casado, CPF/MF 231 428 470/49\n- AQUILES TADEU SOARES VARONE, brasileiro, solteiro, militar, CPF/MF 143 806 840/91, residente em Santa Maria-RS\n- JOAQUIM FRANCISCO DE ASSIS SOARES VARONE, brasileiro, casado, CPF/MF 227 504 280/68, residente em Tupanciretã-RS\n- MARIVONE VARONE DOS SANTOS, brasileira, casada, CPF/MF 290 468 900/15, residente nesta Cidade\n- LENIR VARONE DA SILVA, brasileira, casada, CPF/MF 075 165 680/15, residente e domiciliada neste município\n- JUVENAL SOARES VARONE, brasileiro, solteiro, CPF/MF 143 135 881/91, residente em Antonio João-MS\n- JOSÉ FRANCISCO SOARES VARONE, brasileiro, CPF/MF 305 681 450/20, residente e domiciliado no Estado do Mato Grosso do Sul\n- LOURDES DE FÁTIMA VARONE, brasileira, solteira, CPF/MF 323 096 350/49, residente e domiciliada no Estado do Mato Grosso do Sul.\n**Valor**: Cz$25.000,00 (vinte e cinco mil cruzados).\n**INCRA/86**: Código do Imóvel 865 036 034 169/4, Área total 22,5, Módulo Fiscal 35,0, Número de módulos 0,38, FMP 3,0.\n**Protocolo**: Número 22.520, folhas 125, livro 1-D, Cz$180,00.\n\n### Av.2/7.232 - RETIFICAÇÃO DE NOME (15/12/1986)\nCertifico, conforme requerimento protocolado sob número 22.728, folhas 135, livro 1-D, inclusa certidão do registro de nascimento número 5.778, folhas 119-V, do livro 25-A do Cartório de Registro Civil desta cidade, datada de 08 de maio de 1974, que o nome correto da última proprietária relacionada no R.1/7.232 acima é LOURDES DE FÁTIMA SOARES VARONE e não como constou.\n\n### Av.3/7.232 - ESTADO CIVIL (06/01/1987)\nCertifico nos termos do Mandado Judicial expedido em 23 de dezembro de 1986, assinado pelo Juiz de Direito desta Comarca Doutor Lívio Paulo Susin, extraído dos autos da Ação de Usucapião nº 4712-130, julgada em 22 de maio de 1986, transitada em julgado em 28 de julho de 1986, já registrado sob nº R.1/7.232 desta matrícula, que o estado civil do adquirente LUIZ EMILIANO SOARES VARONE é \"separado judicialmente\" e não como constou no referido registro.\n**Protocolo**: Nº 22.811, fls. 140, livro 1-D. C.Cz$14,00\n\n### R.4/7.232 - COMPRA E VENDA (26/01/1987)\n**Transmitentes**: Joaquim Francisco de Assis Soares Varone e Terezinha de Fátima Naydene Varone, brasileiros, casados entre si, ele comerciário, ela balconista, CPF/MF 227 504 280/68 e 529 512 780/04, respectivamente, residentes e domiciliados na cidade de Tupanciretã-RS e Lourdes de Fátima SOARES VARONE, brasileira, solteira, maior, estudante, CPF/MF 323 096 350/49, residente e domiciliada nesta cidade, representados por seu procurador Orestes Gelain, brasileiro, casado, advogado, CPF/MF 007 460 100/87, residente e domiciliado nesta cidade, alienam a totalidade das partes ideais que possuem no imóvel acima matriculado, ou seja, 5,0072,32ha, sem benfeitorias, havidos conforme R.1/7.232.\n**Adquirente**: ELZA RIGON, brasileira, solteira, maior, funcionária pública, CPF/MF 007 907 700/59, residente e domiciliada nesta cidade.\n**Título**: Escritura pública número 10.468, folhas 064, livro 128, lavrada no Tabelionato desta cidade em 13 de janeiro de 1987.\n**Valor**: Cz$50.000,00 (cinquenta mil cruzados).\n**INCRA/86**: Código do imóvel 865 036 021/261, Área total 22,5, Módulo Fiscal 35,0, Número de módulos 0,45, FMP 3,0.\n**ITDF**: Certidão número 169956.\n**Protocolo**: Número 22.951, folhas 147, livro 1-D. C.Cz$289,50.\n\n### R.5/7.232 - COMPRA E VENDA (26/01/1987)\n**Transmitentes**: Luiz Emiliano Soares Varone, brasileiro, separado judicialmente, trabalhador rural, CPF/MF 231 428 470/49, residente e domiciliado em São João neste município; Aquiles Tadeu Soares Varone, brasileiro, solteiro, maior, militar, CPF/MF 143 806 840/91, residente e domiciliado em Santa Maria-RS, estes representados por sua procuradora Elza Rigon, brasileira, solteira, maior, funcionária pública, CPF/MF 007 907 700/59, residente e domiciliada nesta cidade, e Marivone Varone dos Santos e Edson Luiz Ribas dos Santos, brasileiros, casados entre si, ela professora, ele escriturário, CPF/MF 290 468 900/15, residentes e domiciliados nesta cidade, alienam a totalidade das partes ideais que possuem no imóvel objeto desta matrícula, ou seja 7.5108,48ha, sem benfeitorias, havidos conforme R.1/7.232.\n**Adquirente**: ORESTES GELAIN, brasileiro, casado com Ottilia Anna Rigon-Gelain, advogado, CPF/MF 007 460 100/87, residente e domiciliado nesta cidade.\n**Título**: Escritura pública número 10.469, folhas 066, livro 128, lavrada no Tabelionato desta cidade, em 14 de janeiro de 1987.\n**Valor**: Cz$75.000,00 (setenta e cinco mil cruzados).\n**INCRA/86**: Código do imóvel 865 036 034 169. Área total 22,5, Módulo Fiscal 35,0, Número de módulos 0,38, FMP 3,0.\n**ITDF**: Certidão número 169957.\n**Protocolo**: Número 22.952, folhas 147, livro 1-D. C.Cz$364,50.\n\n### Av.6/7.232 - ESTADO CIVIL (10/06/1987)\nCertifico, conforme requerimento protocolado sob número 23.641, folhas 183, livro 1-D, inclusa certidão de casamento número 979, folhas 83, livro 4-B de 29 de junho de 1985 do Ofício de Registro Civil da cidade de Antonio João (MS) que o proprietário José Francisco Soares Varone (R.1/7.232) contraiu matrimônio com SANDRA MARA VEDOVATO VARONE, alterando seu estado civil para \"casado\".\n\n### R.7/7.232 - COMPRA E VENDA (28/09/1987)\n**Transmitentes**: José Francisco Soares Varone e Sandra Mara Vedovato Varone, casados entre si, ele agricultor, ela do lar, CPF/MF 305 681 451/20 e 337 564 901/96 respectivamente; e Juvenal Soares Varone, solteiro, maior, agricultor, CPF/MF 143 135 881/91, todos brasileiros, residentes e domiciliados na cidade de Antonio João-MS, representados por seu procurador Orestes Gelain, brasileiro, advogado, CPF/MF 007 460 100/87, residente e domiciliado nesta cidade, alienam do imóvel objeto desta matrícula uma fração ideal com a área de 4,2036,16ha, sendo que o primeiro vende a área de 2,50316 ha (total que possui) e o segundo a área de 1,70ha, havidas conforme R.1/7.232.\n**Adquirente**: ELZA RIGON, brasileira, solteira, funcionária pública, CPF/MF número 007 907 700/59, residente e domiciliada nesta cidade.\n**Título**: Escritura pública, número 10.673, folhas 137, livro 129, lavrada no Tabelionato desta cidade em 17 de setembro de 1987.\n**Valor**: Cz$63.000,00 (sessenta e três mil cruzados).\n**Avaliação Fiscal**: Cz$84.000,00 (oitenta e quatro mil cruzados).\n**INCRA**: Código do Imóvel 865 036 034 169, Área total 22,5, Módulo Fiscal 35,0, Número de módulos 0,38, FMP 3,0ha.\n**ITDF**: Certidão número 188178.\n**Protocolo**: Número 24.154, folhas 3, livro 1-E. C.Cz$562,50.\n\n### R.8/7.232 - COMPRA E VENDA (27/10/1988)\n**Transmitentes**: Juvenal Soares Varone, brasileiro, solteiro, maior, agricultor, residente e domiciliado na cidade de Antonio João, MS, CPF/MF 143 135 881/91, representado por seu procurador Orestes Gelain, brasileiro, casado, advogado, residente e domiciliado em Júlio de Castilhos, CPF/MF 007 460 100/87, aliena a área (remanescente), aliena a área ideal de 08.036,11 m², havida conforme R 1/7.232.\n**Adquirente**: GETULIO GUASINA BRUM, brasileiro, casado com Marlene Teresinha Varone Brum, militar, residente e domiciliado em Santa Maria, RS, CPF/MF 045 431 300/49.\n**Título**: escritura pública número 11.049, folhas 009, do Livro 132 de Transmissões, lavrada no Tabelionato de Júlio de Castilhos, em 27 de outubro de 1988.\n**Valor**: cento e vinte e cinco mil cruzados (CZ$ 125.000,00).\n**INCRA código do imóvel número 865 036 034 16**\n\n### 9. Certidão negativa de multa do IBDF número 246736.\n**Protocolo número**: 27.183, folhas 58, do Livro 1-D. C\\CZ$ 1.224,09  \n**Data**: Júlio de Castilhos, 16 de janeiro de 1989  \n**Oficial**: Bel. Nadir da Silva Borges Pereira\n\n### R.9/7.232 - 28 de outubro de 1993 - HERANÇA\n**Transmitente**: O espólio de Elza Rigon, aliena a totalidade da fração ideal que possui no imóvel objeto desta matrícula ou seja a área de 9.21,08,48ha constante dos R.4/7232 e R.7/7232.\n**Adquirente**: OTTILIA ANNA RIGON GELAIN, brasileira, casada com Orestes Gelain, ambos aposentados, CIC 007.909.400/78 e 007.460.100/87 respectivamente, residentes e domiciliados na avenida Getúlio Vargas, nº28, nesta cidade.\n**Título**: Formal de Partilha extraído dos autos do inventário número 8353-130, julgado por sentença prolatada em 03 de setembro de 1993, pela Juíza de Direito Substituta desta Comarca doutora Marta Lúcia Ramos.\n**Valor**: CR$59.000.000,00 (cinquenta e nove milhões de cruzeiros).\n**Avaliação Fiscal**: 1.488,64 UFP, equivalente a CR$645.102,37.\n**INCRA**: CI - 865 036 034 169/4; AT -22,5; MF - 35; NFM 0,38; FMP - 2,0; exercício 1991; declarante Marlene T. V. Brum.\n**Apresentado recibo da DE/recadastramento de Elsa Rigon e Neg.Rec.Fed. número 04/2172/93 de 25.10.93.\n**IBAMA**: Nº 13335/B de 1993.\n**Protocolo**: Número 34.378, folhas 198, livro 1-\n--------------------------------------------------------------------------------\n\nEste é o conteúdo completo do documento conforme solicitado.","refusal":null,"annotations":[]},"finish_reason":"stop"}],"usage":{"prompt_tokens":3402,"completion_tokens":4109,"total_tokens":7511,"prompt_tokens_details":{"cached_tokens":0,"audio_tokens":0},"completion_tokens_details":{"reasoning_tokens":704,"audio_tokens":0,"accepted_prediction_tokens":0,"rejected_prediction_tokens":0}},"service_tier":"default","system_fingerprint":"fp_99801fd0cf"}
2025-04-16 10:48:51: [API] Análise concluída para 07a43008-e670-4499-b734-4473ba4c4a51
2025-04-16 11:04:33:    ▲ Next.js 14.0.3
2025-04-16 11:04:33:    - Local:        http://localhost:55000
2025-04-16 11:04:33: 
2025-04-16 11:04:33:  ✓ Ready in 403ms
2025-04-16 11:07:31:    ▲ Next.js 14.0.3
2025-04-16 11:07:31:    - Local:        http://localhost:55000
2025-04-16 11:07:31: 
2025-04-16 11:07:32:  ✓ Ready in 1352ms
